Block,Time,Temperature_C,Precipitation_mm,Soil_Moisture
Chas,2026-09-27 00:00:00,25.0,0.2,0.258
Chas,2026-09-27 01:00:00,24.9,0.3,0.259
Chas,2026-09-27 02:00:00,24.3,0.1,0.256
Chas,2026-09-27 03:00:00,24.3,0.1,0.254
Chas,2026-09-27 04:00:00,24.3,0.0,0.253
Chas,2026-09-27 05:00:00,25.0,0.0,0.253
Chas,2026-09-27 06:00:00,25.4,0.0,0.253
Chas,2026-09-27 07:00:00,26.3,0.0,0.252
Chas,2026-09-27 08:00:00,27.2,0.0,0.251
Chas,2026-09-27 09:00:00,28.1,0.0,0.25
Chas,2026-09-27 10:00:00,28.9,0.0,0.248
Chas,2026-09-27 11:00:00,29.7,0.0,0.245
Chas,2026-09-27 12:00:00,30.2,0.0,0.244
Chas,2026-09-27 13:00:00,30.5,0.0,0.242
Chas,2026-09-27 14:00:00,30.5,0.0,0.241
Chas,2026-09-27 15:00:00,30.0,0.1,0.24
Chas,2026-09-27 16:00:00,29.3,0.0,0.24
Chas,2026-09-27 17:00:00,27.6,0.0,0.24
Chas,2026-09-27 18:00:00,26.8,0.0,0.24
Chas,2026-09-27 19:00:00,26.5,0.0,0.241
Chas,2026-09-27 20:00:00,25.8,0.0,0.241
Chas,2026-09-27 21:00:00,24.9,0.0,0.241
Chas,2026-09-27 22:00:00,24.4,0.0,0.241
Chas,2026-09-27 23:00:00,24.0,0.0,0.241
Chas,2026-09-28 00:00:00,23.6,0.0,0.242
Chas,2026-09-28 01:00:00,23.2,0.0,0.242
Chas,2026-09-28 02:00:00,22.9,0.0,0.242
Chas,2026-09-28 03:00:00,22.7,0.0,0.242
Chas,2026-09-28 04:00:00,22.7,0.0,0.242
Chas,2026-09-28 05:00:00,22.5,0.0,0.242
Chas,2026-09-28 06:00:00,23.4,0.0,0.243
Chas,2026-09-28 07:00:00,25.1,0.0,0.242
Chas,2026-09-28 08:00:00,26.8,0.0,0.242
Chas,2026-09-28 09:00:00,28.2,0.0,0.241
Chas,2026-09-28 10:00:00,29.4,0.1,0.24
Chas,2026-09-28 11:00:00,30.2,0.0,0.239
Chas,2026-09-28 12:00:00,30.7,0.0,0.237
Chas,2026-09-28 13:00:00,31.0,0.0,0.236
Chas,2026-09-28 14:00:00,31.0,0.0,0.235
Chas,2026-09-28 15:00:00,30.6,0.0,0.235
Chas,2026-09-28 16:00:00,29.7,0.0,0.235
Chas,2026-09-28 17:00:00,27.9,0.0,0.235
Chas,2026-09-28 18:00:00,27.5,0.0,0.236
Chas,2026-09-28 19:00:00,26.7,0.0,0.236
Chas,2026-09-28 20:00:00,25.7,0.0,0.237
Chas,2026-09-28 21:00:00,24.8,0.0,0.237
Chas,2026-09-28 22:00:00,24.1,0.0,0.237
Chas,2026-09-28 23:00:00,23.8,0.0,0.238
Chas,2026-09-29 00:00:00,23.5,0.0,0.238
Chas,2026-09-29 01:00:00,23.3,0.0,0.238
Chas,2026-09-29 02:00:00,23.1,0.0,0.238
Chas,2026-09-29 03:00:00,22.7,0.0,0.239
Chas,2026-09-29 04:00:00,22.4,0.0,0.239
Chas,2026-09-29 05:00:00,22.4,0.0,0.239
Chas,2026-09-29 06:00:00,23.4,0.0,0.24
Chas,2026-09-29 07:00:00,25.5,0.0,0.24
Chas,2026-09-29 08:00:00,27.7,0.0,0.239
Chas,2026-09-29 09:00:00,29.4,0.1,0.238
Chas,2026-09-29 10:00:00,30.2,0.1,0.237
Chas,2026-09-29 11:00:00,30.8,0.1,0.236
Chas,2026-09-29 12:00:00,31.2,0.1,0.235
Chas,2026-09-29 13:00:00,31.4,0.1,0.234
Chas,2026-09-29 14:00:00,31.4,0.0,0.233
Chas,2026-09-29 15:00:00,31.3,0.0,0.233
Chas,2026-09-29 16:00:00,30.5,0.0,0.233
Chas,2026-09-29 17:00:00,28.7,0.0,0.234
Chas,2026-09-29 18:00:00,27.7,0.0,0.234
Chas,2026-09-29 19:00:00,27.1,0.0,0.235
Chas,2026-09-29 20:00:00,26.3,0.0,0.235
Chas,2026-09-29 21:00:00,25.5,0.0,0.235
Chas,2026-09-29 22:00:00,25.0,0.0,0.236
Chas,2026-09-29 23:00:00,24.6,0.0,0.236
Chas,2026-09-30 00:00:00,24.2,0.0,0.237
Chas,2026-09-30 01:00:00,23.9,0.0,0.237
Chas,2026-09-30 02:00:00,23.7,0.0,0.237
Chas,2026-09-30 03:00:00,23.4,0.0,0.238
Chas,2026-09-30 04:00:00,23.2,0.0,0.238
Chas,2026-09-30 05:00:00,23.1,0.0,0.238
Chas,2026-09-30 06:00:00,23.9,0.0,0.238
Chas,2026-09-30 07:00:00,25.9,0.0,0.239
Chas,2026-09-30 08:00:00,28.1,0.0,0.238
Chas,2026-09-30 09:00:00,29.5,0.1,0.237
Chas,2026-09-30 10:00:00,30.3,0.1,0.236
Chas,2026-09-30 11:00:00,31.0,0.1,0.235
Chas,2026-09-30 12:00:00,31.4,0.1,0.234
Chas,2026-09-30 13:00:00,31.6,0.1,0.233
Chas,2026-09-30 14:00:00,31.8,0.0,0.233
Chas,2026-09-30 15:00:00,31.5,0.0,0.232
Chas,2026-09-30 16:00:00,30.6,0.0,0.233
Chas,2026-09-30 17:00:00,28.7,0.0,0.233
Chas,2026-09-30 18:00:00,27.7,0.0,0.233
Chas,2026-09-30 19:00:00,27.4,0.0,0.234
Chas,2026-09-30 20:00:00,26.9,0.0,0.234
Chas,2026-09-30 21:00:00,26.3,0.0,0.235
Chas,2026-09-30 22:00:00,25.6,0.0,0.235
Chas,2026-09-30 23:00:00,25.2,0.0,0.236
Chas,2026-10-01 00:00:00,24.8,0.0,0.236
Chas,2026-10-01 01:00:00,24.4,0.0,0.237
Chas,2026-10-01 02:00:00,24.1,0.1,0.237
Chas,2026-10-01 03:00:00,23.8,0.0,0.237
Chas,2026-10-01 04:00:00,23.5,0.0,0.238
Chas,2026-10-01 05:00:00,23.3,0.0,0.238
Chas,2026-10-01 06:00:00,24.5,0.0,0.238
Chas,2026-10-01 07:00:00,26.3,0.0,0.238
Chas,2026-10-01 08:00:00,27.9,0.0,0.238
Chas,2026-10-01 09:00:00,29.1,0.0,0.237
Chas,2026-10-01 10:00:00,30.2,0.0,0.236
Chas,2026-10-01 11:00:00,31.0,0.0,0.235
Chas,2026-10-01 12:00:00,31.7,0.0,0.234
Chas,2026-10-01 13:00:00,32.1,0.0,0.233
Chas,2026-10-01 14:00:00,32.1,0.0,0.233
Chas,2026-10-01 15:00:00,31.6,0.0,0.233
Chas,2026-10-01 16:00:00,30.7,0.0,0.233
Chas,2026-10-01 17:00:00,29.6,0.0,0.233
Chas,2026-10-01 18:00:00,28.5,0.0,0.234
Chas,2026-10-01 19:00:00,27.3,0.0,0.234
Chas,2026-10-01 20:00:00,26.3,0.0,0.235
Chas,2026-10-01 21:00:00,25.8,0.0,0.235
Chas,2026-10-01 22:00:00,25.6,0.0,0.236
Chas,2026-10-01 23:00:00,25.2,0.0,0.236
Chas,2026-10-02 00:00:00,24.7,0.0,0.236
Chas,2026-10-02 01:00:00,24.1,0.0,0.237
Chas,2026-10-02 02:00:00,23.6,0.0,0.237
Chas,2026-10-02 03:00:00,23.1,0.0,0.237
Chas,2026-10-02 04:00:00,22.6,0.0,0.238
Chas,2026-10-02 05:00:00,22.8,0.0,0.238
Chas,2026-10-02 06:00:00,24.0,0.0,0.238
Chas,2026-10-02 07:00:00,25.8,0.0,0.238
Chas,2026-10-02 08:00:00,27.5,0.0,0.238
Chas,2026-10-02 09:00:00,28.9,0.0,0.237
Chas,2026-10-02 10:00:00,30.1,0.0,0.236
Chas,2026-10-02 11:00:00,31.1,0.0,0.235
Chas,2026-10-02 12:00:00,31.7,0.0,0.239
Chas,2026-10-02 13:00:00,32.0,0.0,0.238
Chas,2026-10-02 14:00:00,31.9,0.0,0.238
Chas,2026-10-02 15:00:00,30.9,0.0,0.238
Chas,2026-10-02 16:00:00,29.4,0.0,0.238
Chas,2026-10-02 17:00:00,28.2,0.0,0.238
Chas,2026-10-02 18:00:00,27.5,0.0,0.239
Chas,2026-10-02 19:00:00,27.1,0.0,0.239
Chas,2026-10-02 20:00:00,26.5,0.0,0.24
Chas,2026-10-02 21:00:00,25.5,0.0,0.24
Chas,2026-10-02 22:00:00,24.4,0.0,0.241
Chas,2026-10-02 23:00:00,23.5,0.0,0.241
Chas,2026-10-03 00:00:00,23.1,0.0,0.241
Chas,2026-10-03 01:00:00,22.9,0.0,0.242
Chas,2026-10-03 02:00:00,22.8,0.0,0.242
Chas,2026-10-03 03:00:00,22.3,0.0,0.242
Chas,2026-10-03 04:00:00,21.8,0.0,0.243
Chas,2026-10-03 05:00:00,22.1,0.0,0.243
Chas,2026-10-03 06:00:00,23.7,0.0,0.243
Chas,2026-10-03 07:00:00,26.1,0.0,0.244
Chas,2026-10-03 08:00:00,28.2,0.0,0.244
Chas,2026-10-03 09:00:00,29.4,0.0,0.244
Chas,2026-10-03 10:00:00,30.3,0.0,0.243
Chas,2026-10-03 11:00:00,30.9,0.0,0.242
Chas,2026-10-03 12:00:00,31.4,0.0,0.241
Chas,2026-10-03 13:00:00,31.4,0.0,0.241
Chas,2026-10-03 14:00:00,31.2,0.0,0.24
Chas,2026-10-03 15:00:00,30.8,0.0,0.24
Chas,2026-10-03 16:00:00,30.2,0.0,0.24
Chas,2026-10-03 17:00:00,29.6,0.0,0.24
Chas,2026-10-03 18:00:00,28.9,0.0,0.24
Chas,2026-10-03 19:00:00,27.8,0.0,0.241
Chas,2026-10-03 20:00:00,26.7,0.0,0.241
Chas,2026-10-03 21:00:00,25.6,0.0,0.241
Chas,2026-10-03 22:00:00,24.6,0.0,0.242
Chas,2026-10-03 23:00:00,23.8,0.0,0.242
