Panchayat,Month,Temp_Max_C,Temp_Min_C,Temp_Avg_C,Precipitation_Total_mm,Soil_Moisture_Avg
Alkusha,2016-01,28.5,6.6,17.49,8.1,0.165
Alkusha,2016-02,35.6,11.2,22.61,29.1,0.179
Alkusha,2016-03,37.7,15.5,26.97,11.8,0.178
Alkusha,2016-04,43.1,21.6,33.31,0.9,0.138
Alkusha,2016-05,42.5,23.3,31.43,58.7,0.197
Alkusha,2016-06,42.4,24.9,30.3,127.1,0.275
Alkusha,2016-07,32.4,24.3,27.32,285.9,0.396
Alkusha,2016-08,32.9,23.5,27.05,315.8,0.397
Alkusha,2016-09,32.1,24.0,26.74,305.6,0.403
Alkusha,2016-10,32.3,17.3,25.01,57.3,0.319
Alkusha,2016-11,30.5,12.4,21.4,0.0,0.166
Alkusha,2016-12,27.7,9.1,18.27,0.0,0.142
Alkusha,2017-01,27.6,8.3,17.9,7.0,0.209
Alkusha,2017-02,35.8,11.4,21.6,2.1,0.151
Alkusha,2017-03,41.5,13.0,25.42,11.0,0.165
Alkusha,2017-04,41.8,18.8,31.1,17.7,0.145
Alkusha,2017-05,41.7,23.5,31.54,84.1,0.211
Alkusha,2017-06,40.7,25.4,30.5,129.2,0.312
Alkusha,2017-07,32.8,24.2,27.32,355.6,0.412
Alkusha,2017-08,32.9,24.2,27.67,292.1,0.409
Alkusha,2017-09,33.4,24.2,27.97,195.2,0.381
Alkusha,2017-10,32.9,17.2,25.5,223.5,0.377
Alkusha,2017-11,29.7,11.4,21.16,4.6,0.241
Alkusha,2017-12,28.8,10.1,18.65,0.1,0.173
Alkusha,2018-01,28.1,6.5,15.44,0.0,0.165
Alkusha,2018-02,34.0,11.5,21.71,4.6,0.155
Alkusha,2018-03,39.0,14.9,26.79,6.0,0.144
Alkusha,2018-04,40.6,19.3,28.4,80.1,0.211
Alkusha,2018-05,41.4,22.5,30.02,97.9,0.236
Alkusha,2018-06,39.9,24.5,30.65,150.1,0.287
Alkusha,2018-07,35.0,24.9,28.1,416.8,0.4
Alkusha,2018-08,33.7,24.1,27.57,380.7,0.416
Alkusha,2018-09,33.6,22.7,27.38,214.8,0.383
Alkusha,2018-10,33.8,15.3,24.88,27.2,0.235
Alkusha,2018-11,32.0,13.3,22.16,0.6,0.162
Alkusha,2018-12,26.3,7.5,16.84,39.4,0.213
Alkusha,2019-01,28.6,7.8,16.79,6.9,0.175
Alkusha,2019-02,34.4,9.6,20.46,30.9,0.207
Alkusha,2019-03,38.1,11.3,25.41,3.9,0.149
Alkusha,2019-04,43.7,20.2,30.27,30.6,0.13
Alkusha,2019-05,43.5,21.7,32.17,72.9,0.186
Alkusha,2019-06,44.2,25.8,32.37,119.3,0.193
Alkusha,2019-07,36.6,24.3,29.14,325.0,0.326
Alkusha,2019-08,33.1,24.1,27.83,389.9,0.395
Alkusha,2019-09,32.6,23.4,26.97,384.7,0.392
Alkusha,2019-10,31.1,18.4,24.79,194.5,0.357
Alkusha,2019-11,29.8,14.7,22.14,3.7,0.257
Alkusha,2019-12,27.7,7.0,17.52,38.5,0.255
Alkusha,2020-01,27.7,7.9,16.62,41.2,0.299
Alkusha,2020-02,30.5,8.3,18.89,12.4,0.2
Alkusha,2020-03,36.1,12.8,23.66,48.4,0.245
Alkusha,2020-04,38.3,19.0,27.67,122.4,0.228
Alkusha,2020-05,39.6,21.6,28.85,161.3,0.278
Alkusha,2020-06,35.0,24.6,28.45,320.7,0.375
Alkusha,2020-07,34.4,24.6,28.33,352.1,0.403
Alkusha,2020-08,33.9,23.9,27.89,390.2,0.406
Alkusha,2020-09,33.5,24.0,28.05,199.6,0.365
Alkusha,2020-10,32.9,17.0,26.43,120.0,0.298
Alkusha,2020-11,32.5,12.0,22.28,0.6,0.159
Alkusha,2020-12,28.7,8.8,18.2,1.6,0.161
Alkusha,2021-01,30.2,7.7,17.75,0.2,0.165
Alkusha,2021-02,34.4,8.3,20.52,0.4,0.158
Alkusha,2021-03,41.2,15.2,26.36,9.2,0.159
Alkusha,2021-04,40.3,18.6,30.71,0.4,0.138
Alkusha,2021-05,38.3,22.5,28.71,175.2,0.283
Alkusha,2021-06,36.5,24.2,28.51,288.7,0.355
Alkusha,2021-07,36.2,24.3,28.11,401.9,0.4
Alkusha,2021-08,33.3,24.4,27.89,254.6,0.392
Alkusha,2021-09,32.5,23.6,26.84,447.0,0.398
Alkusha,2021-10,32.9,18.3,25.9,116.8,0.327
Alkusha,2021-11,29.9,12.7,21.29,27.6,0.224
Alkusha,2021-12,28.2,8.3,18.42,23.7,0.186
Alkusha,2022-01,27.1,8.5,16.28,38.1,0.29
Alkusha,2022-02,31.4,8.9,18.61,42.8,0.24
Alkusha,2022-03,39.8,15.2,26.95,0.1,0.145
Alkusha,2022-04,43.8,20.7,32.13,6.7,0.142
Alkusha,2022-05,42.0,22.2,30.39,67.7,0.234
Alkusha,2022-06,41.5,24.1,30.59,133.9,0.252
Alkusha,2022-07,33.3,24.4,27.94,204.0,0.381
Alkusha,2022-08,33.4,23.7,27.32,430.1,0.399
Alkusha,2022-09,32.3,23.3,26.9,334.3,0.402
Alkusha,2022-10,32.3,16.8,25.24,130.4,0.311
Alkusha,2022-11,30.6,13.2,21.31,0.0,0.17
Alkusha,2022-12,30.1,9.9,18.73,0.2,0.155
Alkusha,2023-01,30.3,8.2,18.05,0.2,0.166
Alkusha,2023-02,34.8,10.9,21.57,0.0,0.142
Alkusha,2023-03,35.7,16.0,25.26,68.3,0.199
Alkusha,2023-04,43.1,18.4,30.27,13.5,0.17
Alkusha,2023-05,44.2,22.4,31.76,31.7,0.176
Alkusha,2023-06,43.4,24.6,33.48,129.8,0.193
Alkusha,2023-07,35.9,25.0,28.94,233.6,0.347
Alkusha,2023-08,33.8,24.0,28.29,317.3,0.378
Alkusha,2023-09,34.8,23.8,27.51,373.8,0.378
Alkusha,2023-10,34.2,17.7,25.65,172.3,0.27
Alkusha,2023-11,31.2,14.5,22.49,14.0,0.185
Alkusha,2023-12,29.7,10.0,18.3,39.8,0.276
Alkusha,2024-01,26.6,7.5,16.57,6.9,0.236
Alkusha,2024-02,33.4,9.4,20.79,28.0,0.188
Alkusha,2024-03,40.7,14.1,25.73,18.5,0.19
Alkusha,2024-04,44.1,20.1,32.83,0.4,0.148
Alkusha,2024-05,45.2,22.3,31.82,42.2,0.199
Alkusha,2024-06,44.2,26.0,33.22,74.8,0.199
Alkusha,2024-07,34.5,24.9,28.42,399.1,0.396
Alkusha,2024-08,33.0,23.8,27.33,567.4,0.414
Alkusha,2024-09,34.0,21.8,27.54,422.7,0.395
Alkusha,2024-10,32.9,20.7,26.36,124.0,0.329
Alkusha,2024-11,31.6,14.1,22.07,0.3,0.245
Alkusha,2024-12,27.8,9.3,18.23,2.1,0.346
Alkusha,2025-01,30.1,9.1,17.31,0.0,0.217
Alkusha,2025-02,33.1,11.2,22.07,0.9,0.125
Alkusha,2025-03,38.9,14.2,26.48,28.9,0.143
Alkusha,2025-04,42.5,19.9,29.85,56.0,0.131
Alkusha,2025-05,40.8,20.3,30.5,82.8,0.169
Alkusha,2025-06,36.9,23.9,28.97,397.5,0.294
Alkusha,2025-07,33.4,24.3,27.61,431.7,0.409
Alkusha,2025-08,33.4,24.1,27.61,355.1,0.392
Alkusha,2025-09,33.0,23.9,27.55,267.1,0.36
Alkusha,2025-10,33.3,19.5,26.05,142.3,0.275
Alkusha,2025-11,29.8,12.2,20.64,0.2,0.269
Alkusha,2025-12,25.7,8.0,16.6,0.0,0.254
Kumhari,2016-01,28.7,6.7,17.64,8.1,0.165
Kumhari,2016-02,35.8,11.4,22.76,29.1,0.179
Kumhari,2016-03,37.9,15.7,27.12,11.8,0.178
Kumhari,2016-04,43.3,21.7,33.46,0.9,0.138
Kumhari,2016-05,42.7,23.4,31.58,58.7,0.197
Kumhari,2016-06,42.6,25.1,30.45,127.1,0.275
Kumhari,2016-07,32.5,24.5,27.47,285.9,0.396
Kumhari,2016-08,33.0,23.6,27.2,315.8,0.397
Kumhari,2016-09,32.2,24.1,26.88,305.6,0.403
Kumhari,2016-10,32.5,17.5,25.16,57.3,0.319
Kumhari,2016-11,30.7,12.5,21.55,0.0,0.166
Kumhari,2016-12,27.8,9.3,18.42,0.0,0.142
Kumhari,2017-01,27.4,8.0,17.88,8.1,0.211
Kumhari,2017-02,35.8,11.1,21.64,0.2,0.148
Kumhari,2017-03,41.4,12.8,25.4,9.3,0.169
Kumhari,2017-04,42.0,19.0,31.07,13.8,0.132
Kumhari,2017-05,42.2,23.8,31.59,55.7,0.215
Kumhari,2017-06,41.0,25.6,30.5,129.1,0.308
Kumhari,2017-07,32.9,24.4,27.41,325.9,0.411
Kumhari,2017-08,33.1,24.4,27.77,283.3,0.41
Kumhari,2017-09,33.8,24.1,28.09,233.6,0.381
Kumhari,2017-10,33.3,17.6,25.68,185.3,0.377
Kumhari,2017-11,30.0,11.5,21.14,4.9,0.234
Kumhari,2017-12,29.0,9.7,18.53,0.3,0.169
Kumhari,2018-01,28.0,6.6,15.34,0.0,0.166
Kumhari,2018-02,34.2,11.9,21.68,5.8,0.154
Kumhari,2018-03,38.7,15.1,26.75,4.2,0.139
Kumhari,2018-04,40.5,19.7,28.5,56.7,0.199
Kumhari,2018-05,41.9,22.9,30.18,95.6,0.221
Kumhari,2018-06,39.8,24.6,30.65,152.4,0.289
Kumhari,2018-07,35.2,24.7,28.22,389.3,0.401
Kumhari,2018-08,33.6,24.2,27.69,354.1,0.416
Kumhari,2018-09,33.8,22.1,27.46,205.6,0.385
Kumhari,2018-10,33.8,15.8,24.88,27.0,0.248
Kumhari,2018-11,31.8,13.3,22.0,0.5,0.166
Kumhari,2018-12,26.4,6.8,16.7,35.5,0.212
Kumhari,2019-01,28.4,7.7,16.78,6.2,0.165
Kumhari,2019-02,34.6,9.3,20.49,41.7,0.202
Kumhari,2019-03,38.7,11.4,25.39,5.9,0.142
Kumhari,2019-04,43.8,20.0,30.2,34.0,0.131
Kumhari,2019-05,43.5,20.9,32.03,56.9,0.187
Kumhari,2019-06,44.2,26.1,32.57,94.9,0.194
Kumhari,2019-07,37.1,24.4,29.23,299.3,0.322
Kumhari,2019-08,33.3,24.3,27.94,404.1,0.397
Kumhari,2019-09,32.6,23.4,27.09,390.0,0.391
Kumhari,2019-10,31.0,18.2,24.93,181.0,0.354
Kumhari,2019-11,30.1,15.1,22.2,3.2,0.253
Kumhari,2019-12,28.0,6.8,17.59,39.4,0.259
Kumhari,2020-01,27.8,7.1,16.62,38.3,0.291
Kumhari,2020-02,30.7,7.7,18.88,11.4,0.196
Kumhari,2020-03,36.7,12.2,23.61,49.1,0.248
Kumhari,2020-04,38.4,19.3,27.68,126.2,0.228
Kumhari,2020-05,39.7,21.7,28.91,157.1,0.282
Kumhari,2020-06,35.1,24.6,28.52,372.5,0.375
Kumhari,2020-07,34.7,24.7,28.38,356.0,0.404
Kumhari,2020-08,34.2,24.1,28.01,360.7,0.405
Kumhari,2020-09,33.6,23.9,28.14,182.0,0.362
Kumhari,2020-10,33.2,16.7,26.59,100.6,0.29
Kumhari,2020-11,32.7,11.5,22.34,0.9,0.157
Kumhari,2020-12,28.9,8.6,18.16,1.2,0.162
Kumhari,2021-01,30.7,7.3,17.74,0.2,0.164
Kumhari,2021-02,34.3,7.9,20.3,0.6,0.157
Kumhari,2021-03,41.4,14.4,26.2,8.8,0.161
Kumhari,2021-04,40.5,18.8,30.68,0.4,0.128
Kumhari,2021-05,38.6,22.6,28.86,162.0,0.272
Kumhari,2021-06,36.8,24.3,28.58,296.2,0.354
Kumhari,2021-07,35.4,24.4,28.2,390.3,0.401
Kumhari,2021-08,33.8,24.6,27.95,242.6,0.393
Kumhari,2021-09,32.9,23.7,27.01,475.8,0.391
Kumhari,2021-10,33.3,18.5,25.99,104.8,0.323
Kumhari,2021-11,30.1,12.2,21.33,22.5,0.204
Kumhari,2021-12,28.4,7.8,18.54,26.7,0.173
Kumhari,2022-01,27.2,8.2,16.31,36.9,0.282
Kumhari,2022-02,31.3,8.9,18.49,44.9,0.238
Kumhari,2022-03,40.1,14.4,26.73,0.1,0.151
Kumhari,2022-04,44.5,20.5,31.95,4.7,0.144
Kumhari,2022-05,42.0,22.4,30.46,77.0,0.223
Kumhari,2022-06,41.9,24.4,30.76,128.3,0.239
Kumhari,2022-07,33.6,24.3,28.1,195.2,0.37
Kumhari,2022-08,33.5,23.8,27.46,453.3,0.397
Kumhari,2022-09,32.7,23.3,27.01,344.2,0.396
Kumhari,2022-10,32.3,16.2,25.41,119.9,0.302
Kumhari,2022-11,30.9,12.7,21.25,0.0,0.165
Kumhari,2022-12,30.1,9.6,18.63,0.2,0.16
Kumhari,2023-01,30.7,8.5,18.1,0.2,0.163
Kumhari,2023-02,35.1,10.6,21.54,0.0,0.141
Kumhari,2023-03,36.0,15.8,25.32,55.4,0.185
Kumhari,2023-04,43.2,18.4,30.31,5.5,0.161
Kumhari,2023-05,44.9,22.3,31.78,39.0,0.183
Kumhari,2023-06,43.6,24.8,33.59,135.0,0.195
Kumhari,2023-07,35.9,25.3,28.99,237.9,0.342
Kumhari,2023-08,34.0,23.9,28.29,327.8,0.386
Kumhari,2023-09,35.1,23.9,27.58,378.3,0.386
Kumhari,2023-10,34.3,17.2,25.66,153.3,0.27
Kumhari,2023-11,31.1,13.5,22.4,10.5,0.188
Kumhari,2023-12,30.1,9.3,18.26,36.0,0.267
Kumhari,2024-01,26.6,7.1,16.57,4.4,0.208
Kumhari,2024-02,33.5,8.6,20.98,17.5,0.171
Kumhari,2024-03,41.1,14.0,25.82,21.8,0.176
Kumhari,2024-04,44.2,19.8,32.67,1.8,0.15
Kumhari,2024-05,46.0,22.2,31.89,44.3,0.191
Kumhari,2024-06,44.7,26.1,33.35,64.3,0.197
Kumhari,2024-07,34.5,25.0,28.47,426.4,0.394
Kumhari,2024-08,33.0,24.1,27.41,569.0,0.414
Kumhari,2024-09,34.5,22.0,27.64,442.3,0.393
Kumhari,2024-10,32.8,21.0,26.46,115.7,0.333
Kumhari,2024-11,31.9,13.6,21.98,0.4,0.288
Kumhari,2024-12,28.1,8.4,18.19,8.6,0.351
Kumhari,2025-01,29.9,8.7,17.16,0.0,0.284
Kumhari,2025-02,33.2,11.0,21.76,1.9,0.175
Kumhari,2025-03,39.5,13.4,26.65,29.0,0.146
Kumhari,2025-04,42.9,19.0,30.04,40.8,0.156
Kumhari,2025-05,40.6,20.8,30.41,67.7,0.236
Kumhari,2025-06,36.9,24.4,29.2,371.1,0.315
Kumhari,2025-07,33.3,24.4,27.7,412.2,0.411
Kumhari,2025-08,33.4,24.1,27.67,368.1,0.394
Kumhari,2025-09,33.4,24.2,27.65,272.5,0.375
Kumhari,2025-10,33.3,18.9,26.19,171.0,0.287
Kumhari,2025-11,30.0,11.8,20.53,0.7,0.285
Kumhari,2025-12,25.9,8.0,16.49,0.0,0.279
West Ghatiyali,2016-01,28.5,6.6,17.49,13.9,0.172
West Ghatiyali,2016-02,35.5,11.8,22.64,34.4,0.185
West Ghatiyali,2016-03,38.0,15.5,26.88,14.0,0.184
West Ghatiyali,2016-04,43.2,21.1,33.35,2.0,0.139
West Ghatiyali,2016-05,42.3,22.9,31.46,44.9,0.191
West Ghatiyali,2016-06,42.4,24.7,30.26,145.9,0.279
West Ghatiyali,2016-07,32.5,24.2,27.16,286.7,0.399
West Ghatiyali,2016-08,32.7,23.4,26.88,330.0,0.397
West Ghatiyali,2016-09,32.0,23.9,26.61,323.3,0.404
West Ghatiyali,2016-10,32.2,17.0,24.8,75.1,0.319
West Ghatiyali,2016-11,30.2,12.4,21.2,0.1,0.166
West Ghatiyali,2016-12,27.4,9.3,18.21,0.0,0.143
West Ghatiyali,2017-01,27.8,8.3,18.08,5.9,0.199
West Ghatiyali,2017-02,35.5,12.1,21.92,0.9,0.141
West Ghatiyali,2017-03,41.4,12.6,25.6,7.5,0.162
West Ghatiyali,2017-04,43.1,20.4,31.13,16.7,0.144
West Ghatiyali,2017-05,41.8,23.6,31.39,111.0,0.204
West Ghatiyali,2017-06,41.4,24.9,30.09,160.1,0.321
West Ghatiyali,2017-07,32.1,24.0,26.89,355.6,0.412
West Ghatiyali,2017-08,32.1,23.9,27.19,261.0,0.407
West Ghatiyali,2017-09,33.1,23.7,27.58,197.4,0.385
West Ghatiyali,2017-10,32.4,17.1,25.23,204.4,0.375
West Ghatiyali,2017-11,29.0,12.0,21.11,2.8,0.243
West Ghatiyali,2017-12,28.4,10.4,18.83,0.4,0.174
West Ghatiyali,2018-01,28.0,7.7,15.93,0.0,0.158
West Ghatiyali,2018-02,34.1,13.0,22.19,6.9,0.146
West Ghatiyali,2018-03,39.2,15.6,27.16,6.0,0.137
West Ghatiyali,2018-04,40.3,18.9,28.42,121.2,0.211
West Ghatiyali,2018-05,40.2,22.1,29.74,115.8,0.226
West Ghatiyali,2018-06,39.2,23.9,30.19,153.5,0.296
West Ghatiyali,2018-07,33.9,24.5,27.56,462.8,0.404
West Ghatiyali,2018-08,32.5,23.6,27.05,408.7,0.418
West Ghatiyali,2018-09,33.1,22.7,27.03,222.7,0.381
West Ghatiyali,2018-10,33.5,16.1,24.9,36.4,0.241
West Ghatiyali,2018-11,31.7,13.4,22.4,0.8,0.16
West Ghatiyali,2018-12,26.0,8.5,17.09,43.6,0.206
West Ghatiyali,2019-01,28.6,8.9,17.21,8.3,0.157
West Ghatiyali,2019-02,35.6,10.4,20.91,35.3,0.196
West Ghatiyali,2019-03,37.6,11.8,25.41,10.4,0.162
West Ghatiyali,2019-04,43.2,20.0,30.06,27.1,0.134
West Ghatiyali,2019-05,43.2,22.7,32.25,76.6,0.186
West Ghatiyali,2019-06,43.6,25.3,31.86,128.7,0.194
West Ghatiyali,2019-07,36.7,23.7,28.63,315.2,0.326
West Ghatiyali,2019-08,32.8,23.6,27.33,356.0,0.398
West Ghatiyali,2019-09,32.0,23.1,26.52,369.4,0.395
West Ghatiyali,2019-10,30.9,17.9,24.47,193.9,0.366
West Ghatiyali,2019-11,29.3,15.3,22.18,3.3,0.244
West Ghatiyali,2019-12,27.3,7.6,17.54,41.2,0.242
West Ghatiyali,2020-01,27.0,8.5,16.64,44.0,0.298
West Ghatiyali,2020-02,29.7,8.6,18.91,8.5,0.22
West Ghatiyali,2020-03,34.9,13.7,23.38,48.6,0.275
West Ghatiyali,2020-04,37.3,18.8,27.25,124.3,0.236
West Ghatiyali,2020-05,38.6,21.2,28.36,164.4,0.299
West Ghatiyali,2020-06,34.5,24.3,28.0,318.6,0.376
West Ghatiyali,2020-07,33.3,24.0,27.87,365.2,0.402
West Ghatiyali,2020-08,33.4,23.7,27.42,404.3,0.408
West Ghatiyali,2020-09,32.7,23.9,27.64,224.3,0.364
West Ghatiyali,2020-10,32.3,17.5,26.16,105.4,0.296
West Ghatiyali,2020-11,32.0,12.6,22.4,0.9,0.156
West Ghatiyali,2020-12,28.6,8.1,18.35,1.9,0.168
West Ghatiyali,2021-01,29.8,7.5,18.07,0.1,0.151
West Ghatiyali,2021-02,34.0,8.7,20.97,1.0,0.155
West Ghatiyali,2021-03,40.4,15.7,26.63,9.7,0.156
West Ghatiyali,2021-04,39.9,19.3,30.53,1.2,0.142
West Ghatiyali,2021-05,37.4,22.0,28.16,237.5,0.306
West Ghatiyali,2021-06,35.5,23.8,28.08,290.5,0.354
West Ghatiyali,2021-07,35.9,23.9,27.66,435.3,0.403
West Ghatiyali,2021-08,33.0,24.2,27.43,276.1,0.399
West Ghatiyali,2021-09,32.1,23.1,26.37,418.2,0.402
West Ghatiyali,2021-10,32.1,18.8,25.67,130.6,0.335
West Ghatiyali,2021-11,29.2,13.7,21.37,28.5,0.233
West Ghatiyali,2021-12,27.3,8.7,18.38,39.5,0.199
West Ghatiyali,2022-01,26.4,8.4,16.2,29.4,0.302
West Ghatiyali,2022-02,30.5,9.2,18.78,38.4,0.243
West Ghatiyali,2022-03,39.4,15.4,26.96,0.2,0.151
West Ghatiyali,2022-04,42.8,21.5,32.1,13.1,0.145
West Ghatiyali,2022-05,41.8,22.5,30.07,61.9,0.228
West Ghatiyali,2022-06,41.8,24.1,30.25,158.9,0.257
West Ghatiyali,2022-07,32.8,24.2,27.36,250.0,0.385
West Ghatiyali,2022-08,32.8,23.4,26.86,459.3,0.4
West Ghatiyali,2022-09,31.9,23.1,26.45,308.2,0.402
West Ghatiyali,2022-10,31.6,17.0,25.01,110.0,0.304
West Ghatiyali,2022-11,29.9,14.0,21.48,0.0,0.168
West Ghatiyali,2022-12,29.8,9.7,18.9,1.0,0.166
West Ghatiyali,2023-01,29.8,8.3,18.06,0.4,0.171
West Ghatiyali,2023-02,34.1,10.3,21.65,0.0,0.147
West Ghatiyali,2023-03,35.1,15.8,25.04,63.0,0.198
West Ghatiyali,2023-04,42.6,18.8,29.95,15.2,0.17
West Ghatiyali,2023-05,43.3,22.0,31.32,29.4,0.174
West Ghatiyali,2023-06,42.7,24.3,32.87,115.2,0.194
West Ghatiyali,2023-07,35.5,24.3,28.49,248.6,0.346
West Ghatiyali,2023-08,33.1,23.9,27.86,298.4,0.384
West Ghatiyali,2023-09,34.3,23.3,27.08,343.2,0.378
West Ghatiyali,2023-10,33.6,17.8,25.43,163.8,0.267
West Ghatiyali,2023-11,31.0,14.9,22.49,11.9,0.184
West Ghatiyali,2023-12,28.7,10.5,18.4,44.6,0.269
West Ghatiyali,2024-01,27.2,8.3,16.68,8.8,0.229
West Ghatiyali,2024-02,33.1,9.0,20.8,36.5,0.192
West Ghatiyali,2024-03,40.7,13.9,25.34,27.6,0.2
West Ghatiyali,2024-04,43.5,20.0,32.68,0.7,0.147
West Ghatiyali,2024-05,44.7,21.9,31.61,38.5,0.177
West Ghatiyali,2024-06,43.0,25.7,32.7,92.4,0.211
West Ghatiyali,2024-07,34.1,24.3,27.92,397.0,0.4
West Ghatiyali,2024-08,32.6,23.4,26.83,554.2,0.417
West Ghatiyali,2024-09,33.1,22.0,27.1,446.5,0.392
West Ghatiyali,2024-10,32.5,19.9,25.9,131.9,0.339
West Ghatiyali,2024-11,31.2,13.7,21.96,0.3,0.224
West Ghatiyali,2024-12,27.5,9.3,18.27,3.2,0.308
West Ghatiyali,2025-01,30.1,9.3,17.34,0.0,0.245
West Ghatiyali,2025-02,32.5,10.3,21.76,8.7,0.217
West Ghatiyali,2025-03,38.3,13.5,25.84,26.1,0.213
West Ghatiyali,2025-04,41.0,18.1,28.9,50.6,0.23
West Ghatiyali,2025-05,39.6,19.6,29.73,93.0,0.307
West Ghatiyali,2025-06,36.5,23.7,28.53,372.0,0.35
West Ghatiyali,2025-07,33.1,23.8,27.18,425.6,0.413
West Ghatiyali,2025-08,32.7,23.6,27.15,329.4,0.397
West Ghatiyali,2025-09,32.5,23.5,27.06,281.4,0.369
West Ghatiyali,2025-10,32.7,19.5,25.72,117.7,0.283
West Ghatiyali,2025-11,29.3,12.4,20.39,0.6,0.288
West Ghatiyali,2025-12,25.4,8.3,16.39,0.0,0.314
Kura,2016-01,28.6,6.5,17.65,13.8,0.172
Kura,2016-02,35.7,11.4,22.74,47.3,0.189
Kura,2016-03,38.0,15.6,27.0,11.8,0.185
Kura,2016-04,43.2,21.2,33.51,2.0,0.139
Kura,2016-05,42.5,23.2,31.45,59.4,0.2
Kura,2016-06,42.5,25.0,30.29,127.4,0.281
Kura,2016-07,32.4,24.3,27.31,282.1,0.399
Kura,2016-08,32.8,23.5,27.03,331.4,0.397
Kura,2016-09,32.1,24.0,26.75,318.8,0.404
Kura,2016-10,32.3,17.6,25.02,63.7,0.317
Kura,2016-11,30.5,12.6,21.54,0.4,0.164
Kura,2016-12,27.6,9.5,18.45,0.0,0.142
Kura,2017-01,27.8,8.0,17.89,5.3,0.209
Kura,2017-02,35.5,11.4,21.7,0.3,0.146
Kura,2017-03,41.5,12.5,25.43,4.9,0.162
Kura,2017-04,42.5,19.1,31.09,16.5,0.142
Kura,2017-05,41.4,23.5,31.42,118.2,0.203
Kura,2017-06,41.5,25.1,30.4,138.8,0.302
Kura,2017-07,32.8,24.0,27.12,384.2,0.412
Kura,2017-08,32.2,24.0,27.45,283.2,0.407
Kura,2017-09,33.0,23.9,27.78,171.4,0.375
Kura,2017-10,32.6,16.8,25.32,219.8,0.376
Kura,2017-11,29.4,11.2,21.04,3.4,0.242
Kura,2017-12,28.4,9.9,18.55,0.2,0.183
Kura,2018-01,28.1,6.3,15.46,0.0,0.168
Kura,2018-02,34.4,11.6,21.78,4.8,0.15
Kura,2018-03,39.1,15.1,26.87,5.0,0.137
Kura,2018-04,40.4,19.1,28.19,98.6,0.222
Kura,2018-05,40.2,22.3,29.83,105.6,0.228
Kura,2018-06,39.2,24.2,30.39,171.2,0.293
Kura,2018-07,34.2,24.7,27.84,411.0,0.402
Kura,2018-08,33.2,24.0,27.34,383.7,0.416
Kura,2018-09,33.3,22.4,27.2,238.5,0.385
Kura,2018-10,33.6,15.4,24.86,32.5,0.231
Kura,2018-11,32.0,12.8,22.28,0.6,0.159
Kura,2018-12,26.3,7.5,16.84,43.3,0.215
Kura,2019-01,28.7,7.9,16.8,9.8,0.172
Kura,2019-02,34.5,9.2,20.57,33.1,0.201
Kura,2019-03,37.8,11.5,25.37,6.5,0.155
Kura,2019-04,43.4,20.1,30.12,29.7,0.143
Kura,2019-05,43.4,22.8,32.13,82.7,0.187
Kura,2019-06,43.9,25.5,32.01,146.3,0.196
Kura,2019-07,37.0,24.0,28.88,310.4,0.328
Kura,2019-08,32.9,23.9,27.6,377.2,0.396
Kura,2019-09,32.2,23.4,26.77,373.2,0.394
Kura,2019-10,31.1,18.2,24.62,210.2,0.359
Kura,2019-11,29.5,14.9,22.08,3.7,0.246
Kura,2019-12,27.6,7.2,17.51,38.5,0.246
Kura,2020-01,27.3,8.1,16.63,34.7,0.3
Kura,2020-02,30.0,8.4,18.77,9.9,0.215
Kura,2020-03,35.4,12.9,23.45,47.5,0.259
Kura,2020-04,37.8,18.5,27.42,113.9,0.229
Kura,2020-05,38.9,21.3,28.61,158.9,0.284
Kura,2020-06,34.7,24.6,28.23,294.5,0.378
Kura,2020-07,33.8,24.3,28.13,340.5,0.402
Kura,2020-08,33.6,24.0,27.66,398.1,0.406
Kura,2020-09,33.0,24.0,27.86,202.4,0.364
Kura,2020-10,32.5,16.6,26.24,119.6,0.298
Kura,2020-11,32.2,11.5,22.26,0.5,0.155
Kura,2020-12,28.8,8.1,18.09,1.3,0.167
Kura,2021-01,29.8,7.4,17.7,0.2,0.171
Kura,2021-02,34.2,7.6,20.43,1.0,0.164
Kura,2021-03,40.7,14.5,26.32,9.6,0.157
Kura,2021-04,40.1,18.3,30.54,0.4,0.135
Kura,2021-05,37.7,22.2,28.44,194.7,0.289
Kura,2021-06,35.8,24.0,28.31,294.9,0.356
Kura,2021-07,36.2,24.1,27.89,439.1,0.401
Kura,2021-08,33.3,24.3,27.69,258.1,0.392
Kura,2021-09,32.3,23.3,26.62,418.9,0.395
Kura,2021-10,32.6,17.9,25.77,125.4,0.331
Kura,2021-11,29.1,12.8,21.22,27.5,0.236
Kura,2021-12,27.6,7.8,18.24,35.0,0.208
Kura,2022-01,26.6,8.3,16.18,31.6,0.299
Kura,2022-02,30.8,8.5,18.59,46.3,0.24
Kura,2022-03,39.4,15.2,26.83,0.0,0.152
Kura,2022-04,43.3,20.7,32.11,9.8,0.145
Kura,2022-05,42.0,22.2,30.35,62.5,0.217
Kura,2022-06,41.5,23.9,30.4,156.7,0.257
Kura,2022-07,32.8,24.4,27.67,197.8,0.386
Kura,2022-08,33.1,23.5,27.09,441.3,0.4
Kura,2022-09,32.1,23.2,26.71,286.2,0.397
Kura,2022-10,31.9,16.7,25.12,116.9,0.302
Kura,2022-11,30.1,12.7,21.33,0.0,0.163
Kura,2022-12,29.8,9.2,18.77,0.5,0.156
Kura,2023-01,30.0,8.4,18.02,0.1,0.171
Kura,2023-02,34.5,11.0,21.53,0.0,0.148
Kura,2023-03,36.0,15.8,25.24,53.6,0.187
Kura,2023-04,43.1,18.1,30.29,21.4,0.167
Kura,2023-05,43.6,22.3,31.63,28.2,0.177
Kura,2023-06,43.5,24.3,33.12,122.9,0.195
Kura,2023-07,35.6,24.6,28.73,228.3,0.343
Kura,2023-08,33.4,23.7,28.07,302.6,0.382
Kura,2023-09,34.7,23.4,27.3,342.8,0.379
Kura,2023-10,33.9,18.0,25.49,165.7,0.274
Kura,2023-11,31.2,14.1,22.44,7.2,0.192
Kura,2023-12,29.1,9.7,18.23,38.8,0.278
Kura,2024-01,26.9,8.1,16.55,13.5,0.241
Kura,2024-02,33.4,9.7,20.7,28.8,0.181
Kura,2024-03,40.8,14.3,25.53,22.7,0.192
Kura,2024-04,43.7,20.1,32.73,1.4,0.149
Kura,2024-05,44.2,22.0,31.74,60.6,0.187
Kura,2024-06,43.5,25.9,32.92,84.2,0.199
Kura,2024-07,34.1,24.5,28.17,383.1,0.399
Kura,2024-08,32.8,23.4,27.06,569.8,0.417
Kura,2024-09,33.5,21.9,27.32,435.5,0.396
Kura,2024-10,32.7,20.5,26.12,132.7,0.341
Kura,2024-11,31.4,13.9,22.13,0.6,0.197
Kura,2024-12,27.7,9.5,18.28,2.4,0.251
Kura,2025-01,30.2,9.1,17.36,0.0,0.189
Kura,2025-02,32.5,10.5,21.77,3.0,0.163
Kura,2025-03,38.5,13.5,25.9,22.3,0.185
Kura,2025-04,41.8,18.6,29.28,53.0,0.191
Kura,2025-05,39.7,19.9,30.06,85.4,0.251
Kura,2025-06,36.7,23.8,28.74,408.2,0.33
Kura,2025-07,33.1,24.1,27.41,465.4,0.415
Kura,2025-08,33.1,23.8,27.42,325.7,0.394
Kura,2025-09,32.7,23.6,27.32,253.3,0.356
Kura,2025-10,33.0,19.6,25.89,122.0,0.268
Kura,2025-11,29.4,12.2,20.49,0.6,0.278
Kura,2025-12,25.5,8.2,16.41,0.0,0.303
Babudih,2016-01,28.5,6.4,17.71,13.8,0.172
Babudih,2016-02,35.7,11.2,22.71,47.3,0.192
Babudih,2016-03,37.7,15.7,26.92,11.8,0.186
Babudih,2016-04,43.2,21.2,33.45,2.0,0.139
Babudih,2016-05,42.5,23.4,31.27,59.4,0.21
Babudih,2016-06,42.3,25.1,30.17,127.4,0.283
Babudih,2016-07,32.4,24.3,27.34,282.1,0.396
Babudih,2016-08,32.8,23.5,27.07,331.4,0.397
Babudih,2016-09,32.0,24.0,26.77,318.8,0.401
Babudih,2016-10,32.4,18.2,25.12,63.7,0.317
Babudih,2016-11,30.6,12.7,21.73,0.4,0.165
Babudih,2016-12,27.7,9.8,18.61,0.0,0.142
Babudih,2017-01,27.8,7.3,17.7,7.6,0.218
Babudih,2017-02,35.4,11.1,21.44,0.9,0.155
Babudih,2017-03,41.5,12.9,25.27,15.3,0.161
Babudih,2017-04,41.5,18.6,30.72,14.4,0.155
Babudih,2017-05,41.0,23.3,31.12,93.2,0.226
Babudih,2017-06,41.3,25.0,30.45,140.2,0.291
Babudih,2017-07,32.8,23.9,27.14,391.6,0.411
Babudih,2017-08,32.5,24.0,27.52,292.5,0.407
Babudih,2017-09,33.2,23.9,27.78,197.3,0.381
Babudih,2017-10,32.6,17.0,25.37,201.5,0.375
Babudih,2017-11,29.5,10.7,21.06,4.4,0.246
Babudih,2017-12,28.6,9.6,18.52,0.3,0.178
Babudih,2018-01,28.1,6.3,15.37,0.0,0.164
Babudih,2018-02,33.9,11.2,21.58,2.8,0.156
Babudih,2018-03,38.8,14.7,26.57,9.7,0.141
Babudih,2018-04,39.5,18.9,27.9,80.4,0.229
Babudih,2018-05,39.6,22.3,29.55,125.6,0.25
Babudih,2018-06,39.0,24.4,30.24,176.2,0.308
Babudih,2018-07,34.2,24.6,27.9,385.9,0.404
Babudih,2018-08,33.4,24.3,27.42,361.5,0.415
Babudih,2018-09,33.2,22.4,27.23,240.3,0.385
Babudih,2018-10,33.4,15.0,24.8,34.5,0.242
Babudih,2018-11,32.1,13.1,22.17,0.4,0.164
Babudih,2018-12,26.4,6.8,16.65,41.4,0.223
Babudih,2019-01,28.6,7.6,16.56,8.4,0.185
Babudih,2019-02,33.6,8.7,20.4,36.8,0.202
Babudih,2019-03,37.8,11.5,25.34,4.5,0.152
Babudih,2019-04,43.6,20.1,30.09,22.5,0.149
Babudih,2019-05,43.3,22.3,31.89,82.1,0.188
Babudih,2019-06,43.9,25.6,31.9,124.1,0.196
Babudih,2019-07,36.3,24.1,28.85,298.5,0.338
Babudih,2019-08,33.3,23.9,27.64,391.4,0.398
Babudih,2019-09,32.5,23.4,26.83,365.2,0.395
Babudih,2019-10,31.3,18.2,24.68,226.7,0.356
Babudih,2019-11,29.6,14.2,22.02,4.3,0.252
Babudih,2019-12,27.7,6.7,17.45,38.6,0.249
Babudih,2020-01,27.4,7.8,16.56,31.7,0.291
Babudih,2020-02,30.1,8.6,18.75,10.4,0.206
Babudih,2020-03,35.6,12.5,23.5,54.8,0.25
Babudih,2020-04,38.0,18.6,27.52,112.6,0.22
Babudih,2020-05,39.0,21.2,28.63,167.5,0.291
Babudih,2020-06,34.6,24.7,28.27,306.4,0.376
Babudih,2020-07,34.0,24.4,28.18,337.3,0.403
Babudih,2020-08,33.6,23.8,27.72,385.4,0.404
Babudih,2020-09,33.2,23.8,27.89,189.1,0.362
Babudih,2020-10,32.7,16.0,26.28,132.9,0.296
Babudih,2020-11,32.2,11.3,22.24,0.9,0.153
Babudih,2020-12,28.8,8.4,18.02,1.2,0.166
Babudih,2021-01,29.9,7.9,17.64,0.3,0.165
Babudih,2021-02,34.4,7.6,20.28,0.5,0.166
Babudih,2021-03,40.9,14.1,26.31,11.7,0.155
Babudih,2021-04,40.4,18.2,30.67,0.4,0.135
Babudih,2021-05,37.8,22.2,28.58,178.9,0.282
Babudih,2021-06,35.8,24.1,28.32,293.0,0.363
Babudih,2021-07,36.0,24.1,27.92,424.6,0.402
Babudih,2021-08,33.2,24.3,27.73,256.3,0.392
Babudih,2021-09,32.2,23.3,26.68,462.7,0.395
Babudih,2021-10,32.8,17.7,25.84,126.0,0.324
Babudih,2021-11,28.9,12.5,21.17,27.9,0.238
Babudih,2021-12,27.6,7.3,18.15,31.7,0.217
Babudih,2022-01,26.7,8.0,16.08,29.0,0.297
Babudih,2022-02,30.8,8.6,18.4,45.6,0.248
Babudih,2022-03,39.2,15.2,26.66,0.4,0.156
Babudih,2022-04,43.8,21.5,31.96,10.7,0.143
Babudih,2022-05,41.7,22.5,30.33,54.0,0.214
Babudih,2022-06,41.2,24.1,30.34,158.9,0.257
Babudih,2022-07,32.9,24.4,27.76,178.4,0.381
Babudih,2022-08,33.0,23.8,27.17,443.0,0.398
Babudih,2022-09,32.2,23.0,26.77,303.6,0.394
Babudih,2022-10,32.0,15.9,25.15,137.7,0.318
Babudih,2022-11,30.3,12.5,21.3,0.0,0.162
Babudih,2022-12,29.6,9.2,18.67,0.0,0.158
Babudih,2023-01,30.2,7.9,17.97,0.7,0.165
Babudih,2023-02,34.7,10.3,21.55,0.0,0.143
Babudih,2023-03,36.2,15.8,25.26,59.5,0.192
Babudih,2023-04,43.2,18.0,30.29,14.9,0.162
Babudih,2023-05,43.8,22.3,31.71,37.6,0.171
Babudih,2023-06,43.7,24.5,33.23,123.0,0.193
Babudih,2023-07,35.4,24.8,28.79,194.6,0.334
Babudih,2023-08,33.7,23.9,28.11,319.0,0.382
Babudih,2023-09,34.9,23.6,27.34,344.5,0.38
Babudih,2023-10,33.8,17.2,25.49,200.5,0.281
Babudih,2023-11,31.1,13.7,22.38,14.0,0.194
Babudih,2023-12,29.3,9.2,18.1,39.6,0.286
Babudih,2024-01,26.2,7.1,16.31,14.3,0.258
Babudih,2024-02,32.9,8.7,20.55,23.0,0.186
Babudih,2024-03,40.4,14.0,25.45,25.3,0.196
Babudih,2024-04,43.9,20.4,32.58,0.8,0.149
Babudih,2024-05,43.9,22.0,31.57,69.1,0.199
Babudih,2024-06,43.4,25.9,32.89,81.5,0.191
Babudih,2024-07,33.9,24.7,28.19,419.3,0.402
Babudih,2024-08,32.7,23.4,27.1,575.8,0.417
Babudih,2024-09,33.6,21.7,27.36,434.3,0.392
Babudih,2024-10,32.7,20.9,26.15,154.4,0.345
Babudih,2024-11,31.6,13.7,22.18,0.6,0.201
Babudih,2024-12,27.7,8.9,18.24,1.2,0.296
Babudih,2025-01,30.3,8.5,17.3,0.0,0.218
Babudih,2025-02,32.4,10.4,21.74,3.9,0.182
Babudih,2025-03,38.3,13.1,25.71,25.0,0.234
Babudih,2025-04,41.6,18.5,29.13,47.6,0.212
Babudih,2025-05,39.2,20.1,29.91,92.5,0.3
Babudih,2025-06,36.9,23.5,28.77,387.4,0.343
Babudih,2025-07,33.1,24.2,27.43,477.9,0.413
Babudih,2025-08,33.1,23.8,27.45,319.4,0.394
Babudih,2025-09,32.9,23.8,27.35,274.4,0.371
Babudih,2025-10,33.0,19.2,25.88,147.6,0.28
Babudih,2025-11,29.7,11.9,20.46,0.7,0.301
Babudih,2025-12,25.5,7.7,16.28,0.0,0.328
