Block,Month,Temp_Max_C,Temp_Min_C,Temp_Avg_C,Precipitation_Total_mm,Soil_Moisture_Avg
Chas,2016-01,28.5,6.4,17.6,13.8,0.172
Chas,2016-02,35.6,11.4,22.69,47.3,0.189
Chas,2016-03,37.9,15.5,26.95,11.8,0.185
Chas,2016-04,43.2,21.2,33.46,2.0,0.139
Chas,2016-05,42.4,23.2,31.4,59.4,0.2
Chas,2016-06,42.5,24.9,30.24,127.4,0.281
Chas,2016-07,32.3,24.3,27.26,282.1,0.399
Chas,2016-08,32.8,23.4,26.98,331.4,0.397
Chas,2016-09,32.0,23.9,26.7,318.8,0.404
Chas,2016-10,32.3,17.5,24.97,63.7,0.317
Chas,2016-11,30.5,12.5,21.49,0.4,0.164
Chas,2016-12,27.6,9.4,18.4,0.0,0.142
Chas,2017-01,27.8,8.0,17.88,5.3,0.209
Chas,2017-02,35.5,11.4,21.7,0.3,0.146
Chas,2017-03,41.5,12.5,25.43,4.9,0.162
Chas,2017-04,42.5,19.1,31.09,16.5,0.142
Chas,2017-05,41.4,23.5,31.42,118.2,0.203
Chas,2017-06,41.5,25.1,30.4,138.8,0.302
Chas,2017-07,32.8,24.0,27.12,384.2,0.412
Chas,2017-08,32.2,24.0,27.45,283.2,0.407
Chas,2017-09,33.0,23.9,27.78,171.4,0.375
Chas,2017-10,32.6,16.8,25.32,219.8,0.376
Chas,2017-11,29.4,11.2,21.04,3.4,0.242
Chas,2017-12,28.4,9.9,18.55,0.2,0.183
Chas,2018-01,28.1,6.3,15.46,0.0,0.168
Chas,2018-02,34.4,11.6,21.78,4.8,0.15
Chas,2018-03,39.1,15.1,26.87,5.0,0.137
Chas,2018-04,40.4,19.1,28.19,98.6,0.222
Chas,2018-05,40.2,22.3,29.83,105.6,0.228
Chas,2018-06,39.2,24.2,30.39,171.2,0.293
Chas,2018-07,34.2,24.7,27.84,411.0,0.402
Chas,2018-08,33.2,24.0,27.34,383.7,0.416
Chas,2018-09,33.3,22.4,27.2,238.5,0.385
Chas,2018-10,33.6,15.4,24.86,32.5,0.231
Chas,2018-11,32.0,12.8,22.28,0.6,0.159
Chas,2018-12,26.3,7.5,16.84,43.3,0.215
Chas,2019-01,28.7,7.9,16.8,9.8,0.172
Chas,2019-02,34.5,9.2,20.57,33.1,0.201
Chas,2019-03,37.8,11.5,25.37,6.5,0.155
Chas,2019-04,43.4,20.1,30.12,29.7,0.143
Chas,2019-05,43.4,22.8,32.13,82.7,0.187
Chas,2019-06,43.9,25.5,32.01,146.3,0.196
Chas,2019-07,37.0,24.0,28.88,310.4,0.328
Chas,2019-08,32.9,23.9,27.6,377.2,0.396
Chas,2019-09,32.2,23.4,26.77,373.2,0.394
Chas,2019-10,31.1,18.2,24.62,210.2,0.359
Chas,2019-11,29.5,14.9,22.08,3.7,0.246
Chas,2019-12,27.6,7.2,17.51,38.5,0.246
Chas,2020-01,27.3,8.1,16.63,34.7,0.3
Chas,2020-02,30.0,8.4,18.77,9.9,0.215
Chas,2020-03,35.4,12.9,23.45,47.5,0.259
Chas,2020-04,37.8,18.5,27.42,113.9,0.229
Chas,2020-05,38.9,21.3,28.61,158.9,0.284
Chas,2020-06,34.7,24.6,28.23,294.5,0.378
Chas,2020-07,33.8,24.3,28.13,340.5,0.402
Chas,2020-08,33.6,24.0,27.66,398.1,0.406
Chas,2020-09,33.0,24.0,27.86,202.4,0.364
Chas,2020-10,32.5,16.6,26.24,119.6,0.298
Chas,2020-11,32.2,11.5,22.26,0.5,0.155
Chas,2020-12,28.8,8.1,18.09,1.3,0.167
Chas,2021-01,29.8,7.4,17.7,0.2,0.171
Chas,2021-02,34.2,7.6,20.43,1.0,0.164
Chas,2021-03,40.7,14.5,26.32,9.6,0.157
Chas,2021-04,40.1,18.3,30.54,0.4,0.135
Chas,2021-05,37.7,22.2,28.44,194.7,0.289
Chas,2021-06,35.8,24.0,28.31,294.9,0.356
Chas,2021-07,36.2,24.1,27.89,439.1,0.401
Chas,2021-08,33.3,24.3,27.69,258.1,0.392
Chas,2021-09,32.3,23.3,26.62,418.9,0.395
Chas,2021-10,32.6,17.9,25.77,125.4,0.331
Chas,2021-11,29.1,12.8,21.22,27.5,0.236
Chas,2021-12,27.6,7.8,18.24,35.0,0.208
Chas,2022-01,26.6,8.3,16.18,31.6,0.299
Chas,2022-02,30.8,8.5,18.59,46.3,0.24
Chas,2022-03,39.4,15.2,26.83,0.0,0.152
Chas,2022-04,43.3,20.7,32.11,9.8,0.145
Chas,2022-05,42.0,22.2,30.35,62.5,0.217
Chas,2022-06,41.5,23.9,30.4,156.7,0.257
Chas,2022-07,32.8,24.4,27.67,197.8,0.386
Chas,2022-08,33.1,23.5,27.09,441.3,0.4
Chas,2022-09,32.1,23.2,26.71,286.2,0.397
Chas,2022-10,31.9,16.7,25.12,116.9,0.302
Chas,2022-11,30.1,12.7,21.33,0.0,0.163
Chas,2022-12,29.8,9.2,18.77,0.5,0.156
Chas,2023-01,30.0,8.4,18.02,0.1,0.171
Chas,2023-02,34.5,11.0,21.53,0.0,0.148
Chas,2023-03,36.0,15.8,25.24,53.6,0.187
Chas,2023-04,43.1,18.1,30.29,21.4,0.167
Chas,2023-05,43.6,22.3,31.63,28.2,0.177
Chas,2023-06,43.5,24.3,33.12,122.9,0.195
Chas,2023-07,35.6,24.6,28.73,228.3,0.343
Chas,2023-08,33.4,23.7,28.07,302.6,0.382
Chas,2023-09,34.7,23.4,27.3,342.8,0.379
Chas,2023-10,33.9,18.0,25.49,165.7,0.274
Chas,2023-11,31.2,14.1,22.44,7.2,0.192
Chas,2023-12,29.1,9.7,18.23,38.8,0.278
Chas,2024-01,26.9,8.1,16.55,13.5,0.241
Chas,2024-02,33.4,9.7,20.7,28.8,0.181
Chas,2024-03,40.8,14.3,25.53,22.7,0.192
Chas,2024-04,43.7,20.1,32.73,1.4,0.149
Chas,2024-05,44.2,22.0,31.74,60.6,0.187
Chas,2024-06,43.5,25.9,32.92,84.2,0.199
Chas,2024-07,34.1,24.5,28.17,383.1,0.399
Chas,2024-08,32.8,23.4,27.06,569.8,0.417
Chas,2024-09,33.5,21.9,27.32,435.5,0.396
Chas,2024-10,32.7,20.5,26.12,132.7,0.341
Chas,2024-11,31.4,13.9,22.13,0.6,0.197
Chas,2024-12,27.7,9.5,18.28,2.4,0.251
Chas,2025-01,30.2,9.1,17.36,0.0,0.189
Chas,2025-02,32.5,10.5,21.77,3.0,0.163
Chas,2025-03,38.5,13.5,25.9,22.3,0.185
Chas,2025-04,41.8,18.6,29.28,53.0,0.191
Chas,2025-05,39.7,19.9,30.06,85.4,0.251
Chas,2025-06,36.7,23.8,28.74,408.2,0.33
Chas,2025-07,33.1,24.1,27.41,465.4,0.415
Chas,2025-08,33.1,23.8,27.42,325.7,0.394
Chas,2025-09,32.7,23.6,27.32,253.3,0.356
Chas,2025-10,33.0,19.6,25.89,122.0,0.268
Chas,2025-11,29.4,12.2,20.49,0.6,0.278
Chas,2025-12,25.5,8.2,16.41,0.0,0.303
