Panchayat,Time,Temperature_C,Humidity_Pct,Wind_Speed_kmh,Precipitation_mm,Rain_Probability_Pct,Soil_Moisture,Soil_Deficit,Spray_Favorable
Alkusha,2026-09-27 00:00:00,25.1,98,7.1,0.1,58,0.259,0.02100000000000002,False
Alkusha,2026-09-27 01:00:00,25.1,94,6.1,0.4,74,0.26,0.020000000000000018,False
Alkusha,2026-09-27 02:00:00,24.4,95,8.4,0.3,84,0.258,0.02200000000000002,False
Alkusha,2026-09-27 03:00:00,24.2,97,3.1,0.1,79,0.256,0.02400000000000002,False
Alkusha,2026-09-27 04:00:00,24.1,97,3.2,0.0,67,0.255,0.025000000000000022,False
Alkusha,2026-09-27 05:00:00,25.0,96,3.8,0.0,59,0.256,0.02400000000000002,False
Alkusha,2026-09-27 06:00:00,25.4,95,4.1,0.0,60,0.255,0.025000000000000022,False
Alkusha,2026-09-27 07:00:00,26.3,89,4.8,0.0,64,0.254,0.026000000000000023,False
Alkusha,2026-09-27 08:00:00,27.1,83,6.9,0.0,63,0.254,0.026000000000000023,False
Alkusha,2026-09-27 09:00:00,28.3,74,7.1,0.0,52,0.252,0.028000000000000025,False
Alkusha,2026-09-27 10:00:00,29.1,70,6.0,0.0,37,0.251,0.029000000000000026,False
Alkusha,2026-09-27 11:00:00,29.9,65,6.8,0.0,25,0.248,0.03200000000000003,True
Alkusha,2026-09-27 12:00:00,30.5,61,7.6,0.0,19,0.246,0.03400000000000003,True
Alkusha,2026-09-27 13:00:00,30.8,59,8.4,0.1,17,0.245,0.03500000000000003,True
Alkusha,2026-09-27 14:00:00,30.7,59,9.5,0.1,14,0.244,0.03600000000000003,True
Alkusha,2026-09-27 15:00:00,30.2,60,9.5,0.0,10,0.243,0.03700000000000003,True
Alkusha,2026-09-27 16:00:00,29.6,67,5.9,0.0,5,0.243,0.03700000000000003,True
Alkusha,2026-09-27 17:00:00,28.1,77,3.1,0.0,2,0.243,0.03700000000000003,True
Alkusha,2026-09-27 18:00:00,27.3,78,2.4,0.0,1,0.243,0.03700000000000003,True
Alkusha,2026-09-27 19:00:00,26.8,79,1.1,0.0,0,0.243,0.03700000000000003,True
Alkusha,2026-09-27 20:00:00,26.0,82,1.3,0.0,0,0.244,0.03600000000000003,True
Alkusha,2026-09-27 21:00:00,25.1,86,3.8,0.0,0,0.244,0.03600000000000003,True
Alkusha,2026-09-27 22:00:00,24.6,88,3.7,0.0,0,0.244,0.03600000000000003,True
Alkusha,2026-09-27 23:00:00,24.1,90,4.2,0.0,0,0.245,0.03500000000000003,True
Alkusha,2026-09-28 00:00:00,23.8,91,6.5,0.0,0,0.245,0.03500000000000003,True
Alkusha,2026-09-28 01:00:00,23.5,92,7.0,0.0,0,0.245,0.03500000000000003,True
Alkusha,2026-09-28 02:00:00,23.3,93,7.2,0.0,0,0.245,0.03500000000000003,True
Alkusha,2026-09-28 03:00:00,23.1,93,7.0,0.0,0,0.245,0.03500000000000003,True
Alkusha,2026-09-28 04:00:00,23.0,93,7.0,0.0,0,0.246,0.03400000000000003,True
Alkusha,2026-09-28 05:00:00,22.7,94,5.2,0.0,0,0.246,0.03400000000000003,True
Alkusha,2026-09-28 06:00:00,23.4,92,6.1,0.0,0,0.246,0.03400000000000003,True
Alkusha,2026-09-28 07:00:00,25.1,87,5.4,0.0,0,0.246,0.03400000000000003,True
Alkusha,2026-09-28 08:00:00,26.8,82,5.3,0.0,0,0.245,0.03500000000000003,True
Alkusha,2026-09-28 09:00:00,28.5,73,9.0,0.0,7,0.244,0.03600000000000003,True
Alkusha,2026-09-28 10:00:00,29.7,67,8.5,0.0,16,0.243,0.03700000000000003,True
Alkusha,2026-09-28 11:00:00,30.5,62,8.6,0.0,22,0.242,0.038000000000000034,True
Alkusha,2026-09-28 12:00:00,31.1,58,8.6,0.0,22,0.241,0.039000000000000035,True
Alkusha,2026-09-28 13:00:00,31.3,56,8.3,0.0,18,0.24,0.040000000000000036,True
Alkusha,2026-09-28 14:00:00,31.3,56,8.1,0.0,14,0.239,0.041000000000000036,True
Alkusha,2026-09-28 15:00:00,30.9,57,8.5,0.0,10,0.238,0.04200000000000004,True
Alkusha,2026-09-28 16:00:00,30.0,65,6.5,0.0,5,0.238,0.04200000000000004,True
Alkusha,2026-09-28 17:00:00,28.2,74,4.5,0.0,2,0.239,0.041000000000000036,True
Alkusha,2026-09-28 18:00:00,27.6,76,2.9,0.0,1,0.239,0.041000000000000036,True
Alkusha,2026-09-28 19:00:00,26.6,79,4.8,0.0,0,0.24,0.040000000000000036,True
Alkusha,2026-09-28 20:00:00,25.7,81,5.4,0.0,0,0.24,0.040000000000000036,True
Alkusha,2026-09-28 21:00:00,24.8,84,4.6,0.0,0,0.24,0.040000000000000036,True
Alkusha,2026-09-28 22:00:00,24.3,86,4.9,0.0,0,0.241,0.039000000000000035,True
Alkusha,2026-09-28 23:00:00,23.9,88,5.9,0.0,0,0.241,0.039000000000000035,True
Alkusha,2026-09-29 00:00:00,23.6,89,6.9,0.0,0,0.242,0.038000000000000034,True
Alkusha,2026-09-29 01:00:00,23.5,91,7.2,0.0,0,0.242,0.038000000000000034,True
Alkusha,2026-09-29 02:00:00,23.4,92,6.6,0.0,0,0.242,0.038000000000000034,True
Alkusha,2026-09-29 03:00:00,23.1,94,4.8,0.0,0,0.243,0.03700000000000003,True
Alkusha,2026-09-29 04:00:00,22.8,96,5.1,0.0,0,0.243,0.03700000000000003,True
Alkusha,2026-09-29 05:00:00,22.7,96,4.9,0.0,0,0.243,0.03700000000000003,True
Alkusha,2026-09-29 06:00:00,23.4,93,4.9,0.0,0,0.243,0.03700000000000003,True
Alkusha,2026-09-29 07:00:00,25.2,87,4.3,0.0,0,0.243,0.03700000000000003,True
Alkusha,2026-09-29 08:00:00,27.3,81,3.9,0.0,0,0.243,0.03700000000000003,True
Alkusha,2026-09-29 09:00:00,29.1,73,4.0,0.0,3,0.242,0.038000000000000034,True
Alkusha,2026-09-29 10:00:00,30.2,65,8.5,0.1,6,0.241,0.039000000000000035,True
Alkusha,2026-09-29 11:00:00,31.0,62,7.8,0.1,8,0.24,0.040000000000000036,True
Alkusha,2026-09-29 12:00:00,31.5,59,7.9,0.1,7,0.239,0.041000000000000036,True
Alkusha,2026-09-29 13:00:00,31.7,58,8.7,0.1,4,0.238,0.04200000000000004,True
Alkusha,2026-09-29 14:00:00,31.7,57,8.0,0.0,2,0.237,0.04300000000000004,True
Alkusha,2026-09-29 15:00:00,31.5,57,7.9,0.0,1,0.237,0.04300000000000004,True
Alkusha,2026-09-29 16:00:00,30.7,65,5.6,0.0,0,0.237,0.04300000000000004,True
Alkusha,2026-09-29 17:00:00,28.8,73,5.2,0.0,0,0.238,0.04200000000000004,True
Alkusha,2026-09-29 18:00:00,28.1,73,7.8,0.0,0,0.238,0.04200000000000004,True
Alkusha,2026-09-29 19:00:00,27.3,75,7.7,0.0,0,0.239,0.041000000000000036,True
Alkusha,2026-09-29 20:00:00,26.5,79,6.3,0.0,0,0.239,0.041000000000000036,True
Alkusha,2026-09-29 21:00:00,25.7,84,5.1,0.0,0,0.24,0.040000000000000036,True
Alkusha,2026-09-29 22:00:00,25.1,87,4.7,0.0,0,0.24,0.040000000000000036,True
Alkusha,2026-09-29 23:00:00,24.7,89,4.8,0.0,0,0.24,0.040000000000000036,True
Alkusha,2026-09-30 00:00:00,24.4,90,5.6,0.0,0,0.241,0.039000000000000035,True
Alkusha,2026-09-30 01:00:00,24.2,92,6.3,0.0,0,0.241,0.039000000000000035,True
Alkusha,2026-09-30 02:00:00,23.9,94,6.1,0.0,0,0.241,0.039000000000000035,True
Alkusha,2026-09-30 03:00:00,23.6,96,5.9,0.0,0,0.242,0.038000000000000034,True
Alkusha,2026-09-30 04:00:00,23.4,97,5.5,0.0,0,0.242,0.038000000000000034,True
Alkusha,2026-09-30 05:00:00,23.4,97,5.2,0.0,0,0.242,0.038000000000000034,True
Alkusha,2026-09-30 06:00:00,24.1,94,5.0,0.0,0,0.243,0.03700000000000003,True
Alkusha,2026-09-30 07:00:00,25.7,90,4.6,0.0,0,0.243,0.03700000000000003,True
Alkusha,2026-09-30 08:00:00,27.8,82,4.8,0.0,0,0.242,0.038000000000000034,True
Alkusha,2026-09-30 09:00:00,29.5,71,7.8,0.0,3,0.242,0.038000000000000034,True
Alkusha,2026-09-30 10:00:00,30.4,66,8.1,0.1,7,0.241,0.039000000000000035,True
Alkusha,2026-09-30 11:00:00,31.1,63,6.6,0.1,10,0.24,0.040000000000000036,True
Alkusha,2026-09-30 12:00:00,31.5,61,6.5,0.1,9,0.239,0.041000000000000036,True
Alkusha,2026-09-30 13:00:00,31.9,59,7.3,0.0,6,0.238,0.04200000000000004,True
Alkusha,2026-09-30 14:00:00,32.0,58,7.3,0.0,4,0.237,0.04300000000000004,True
Alkusha,2026-09-30 15:00:00,31.7,58,8.0,0.0,3,0.237,0.04300000000000004,True
Alkusha,2026-09-30 16:00:00,30.6,67,6.6,0.0,3,0.237,0.04300000000000004,True
Alkusha,2026-09-30 17:00:00,28.9,75,4.9,0.0,2,0.238,0.04200000000000004,True
Alkusha,2026-09-30 18:00:00,28.0,79,4.3,0.0,1,0.238,0.04200000000000004,True
Alkusha,2026-09-30 19:00:00,27.6,81,3.5,0.0,1,0.239,0.041000000000000036,True
Alkusha,2026-09-30 20:00:00,26.9,83,4.1,0.0,0,0.239,0.041000000000000036,True
Alkusha,2026-09-30 21:00:00,26.3,85,3.9,0.0,0,0.239,0.041000000000000036,True
Alkusha,2026-09-30 22:00:00,25.6,88,3.9,0.0,0,0.24,0.040000000000000036,True
Alkusha,2026-09-30 23:00:00,25.1,91,2.9,0.0,0,0.24,0.040000000000000036,True
Alkusha,2026-10-01 00:00:00,24.7,92,4.1,0.0,0,0.24,0.040000000000000036,True
Alkusha,2026-10-01 01:00:00,24.5,93,6.1,0.0,0,0.241,0.039000000000000035,True
Alkusha,2026-10-01 02:00:00,24.2,94,4.9,0.0,0,0.241,0.039000000000000035,True
Alkusha,2026-10-01 03:00:00,23.9,96,2.9,0.0,0,0.241,0.039000000000000035,True
Alkusha,2026-10-01 04:00:00,23.8,97,3.5,0.0,0,0.242,0.038000000000000034,True
Alkusha,2026-10-01 05:00:00,23.6,99,4.5,0.0,0,0.242,0.038000000000000034,True
Alkusha,2026-10-01 06:00:00,24.6,94,4.0,0.0,0,0.242,0.038000000000000034,True
Alkusha,2026-10-01 07:00:00,26.2,88,3.8,0.0,0,0.242,0.038000000000000034,True
Alkusha,2026-10-01 08:00:00,27.7,82,3.4,0.0,0,0.242,0.038000000000000034,True
Alkusha,2026-10-01 09:00:00,29.0,74,3.2,0.0,1,0.242,0.038000000000000034,True
Alkusha,2026-10-01 10:00:00,30.3,67,3.2,0.0,3,0.241,0.039000000000000035,True
Alkusha,2026-10-01 11:00:00,31.2,62,3.3,0.0,4,0.24,0.040000000000000036,True
Alkusha,2026-10-01 12:00:00,31.9,58,3.7,0.0,3,0.239,0.041000000000000036,True
Alkusha,2026-10-01 13:00:00,32.2,56,4.5,0.0,1,0.238,0.04200000000000004,True
Alkusha,2026-10-01 14:00:00,32.2,56,4.8,0.0,0,0.237,0.04300000000000004,True
Alkusha,2026-10-01 15:00:00,31.6,59,3.9,0.0,1,0.237,0.04300000000000004,True
Alkusha,2026-10-01 16:00:00,30.7,66,2.4,0.0,3,0.238,0.04200000000000004,True
Alkusha,2026-10-01 17:00:00,29.7,73,1.5,0.0,4,0.238,0.04200000000000004,True
Alkusha,2026-10-01 18:00:00,28.6,78,0.4,0.0,3,0.238,0.04200000000000004,True
Alkusha,2026-10-01 19:00:00,27.6,82,2.2,0.0,1,0.239,0.041000000000000036,True
Alkusha,2026-10-01 20:00:00,26.7,86,3.6,0.0,0,0.239,0.041000000000000036,True
Alkusha,2026-10-01 21:00:00,26.2,88,4.2,0.0,0,0.24,0.040000000000000036,True
Alkusha,2026-10-01 22:00:00,25.8,88,4.5,0.0,0,0.24,0.040000000000000036,True
Alkusha,2026-10-01 23:00:00,25.5,89,5.2,0.0,0,0.241,0.039000000000000035,True
Alkusha,2026-10-02 00:00:00,25.0,91,5.6,0.0,1,0.241,0.039000000000000035,True
Alkusha,2026-10-02 01:00:00,24.5,93,5.6,0.0,3,0.242,0.038000000000000034,True
Alkusha,2026-10-02 02:00:00,24.0,95,5.6,0.0,4,0.242,0.038000000000000034,True
Alkusha,2026-10-02 03:00:00,23.5,97,5.9,0.0,4,0.242,0.038000000000000034,True
Alkusha,2026-10-02 04:00:00,23.0,99,6.2,0.0,3,0.243,0.03700000000000003,True
Alkusha,2026-10-02 05:00:00,23.0,98,6.0,0.0,2,0.243,0.03700000000000003,True
Alkusha,2026-10-02 06:00:00,24.1,94,5.3,0.0,1,0.243,0.03700000000000003,True
Alkusha,2026-10-02 07:00:00,25.7,88,4.4,0.0,1,0.243,0.03700000000000003,True
Alkusha,2026-10-02 08:00:00,27.3,81,3.9,0.0,0,0.243,0.03700000000000003,True
Alkusha,2026-10-02 09:00:00,28.7,73,4.0,0.0,0,0.242,0.038000000000000034,True
Alkusha,2026-10-02 10:00:00,30.1,65,4.5,0.0,0,0.241,0.039000000000000035,True
Alkusha,2026-10-02 11:00:00,31.2,59,5.0,0.0,0,0.24,0.040000000000000036,True
Alkusha,2026-10-02 12:00:00,31.8,55,5.7,0.0,0,0.244,0.03600000000000003,True
Alkusha,2026-10-02 13:00:00,32.1,53,6.4,0.0,0,0.243,0.03700000000000003,True
Alkusha,2026-10-02 14:00:00,31.9,53,6.5,0.0,0,0.242,0.038000000000000034,True
Alkusha,2026-10-02 15:00:00,31.0,55,5.2,0.0,0,0.242,0.038000000000000034,True
Alkusha,2026-10-02 16:00:00,29.7,60,5.4,0.0,0,0.243,0.03700000000000003,True
Alkusha,2026-10-02 17:00:00,28.5,65,6.0,0.0,0,0.243,0.03700000000000003,True
Alkusha,2026-10-02 18:00:00,27.8,69,5.0,0.0,0,0.243,0.03700000000000003,True
Alkusha,2026-10-02 19:00:00,27.3,72,6.8,0.0,0,0.244,0.03600000000000003,True
Alkusha,2026-10-02 20:00:00,26.6,76,8.8,0.0,0,0.244,0.03600000000000003,True
Alkusha,2026-10-02 21:00:00,25.7,81,7.3,0.0,0,0.245,0.03500000000000003,True
Alkusha,2026-10-02 22:00:00,24.8,87,4.5,0.0,0,0.245,0.03500000000000003,True
Alkusha,2026-10-02 23:00:00,24.0,91,4.0,0.0,0,0.246,0.03400000000000003,True
Alkusha,2026-10-03 00:00:00,23.5,92,3.9,0.0,0,0.246,0.03400000000000003,True
Alkusha,2026-10-03 01:00:00,23.1,92,3.5,0.0,0,0.247,0.03300000000000003,True
Alkusha,2026-10-03 02:00:00,22.9,91,3.6,0.0,0,0.247,0.03300000000000003,True
Alkusha,2026-10-03 03:00:00,22.5,92,3.8,0.0,0,0.247,0.03300000000000003,True
Alkusha,2026-10-03 04:00:00,22.2,94,4.1,0.0,0,0.248,0.03200000000000003,True
Alkusha,2026-10-03 05:00:00,22.5,93,4.5,0.0,0,0.248,0.03200000000000003,True
Alkusha,2026-10-03 06:00:00,23.9,88,5.1,0.0,0,0.248,0.03200000000000003,True
Alkusha,2026-10-03 07:00:00,25.9,81,5.8,0.0,0,0.248,0.03200000000000003,True
Alkusha,2026-10-03 08:00:00,27.7,74,6.7,0.0,0,0.248,0.03200000000000003,True
Alkusha,2026-10-03 09:00:00,29.1,68,7.6,0.0,0,0.248,0.03200000000000003,True
Alkusha,2026-10-03 10:00:00,30.2,63,8.6,0.0,0,0.248,0.03200000000000003,True
Alkusha,2026-10-03 11:00:00,30.9,59,9.2,0.0,0,0.247,0.03300000000000003,True
Alkusha,2026-10-03 12:00:00,31.4,59,8.1,0.0,0,0.246,0.03400000000000003,True
Alkusha,2026-10-03 13:00:00,31.4,60,7.1,0.0,1,0.245,0.03500000000000003,True
Alkusha,2026-10-03 14:00:00,31.2,61,5.8,0.0,1,0.244,0.03600000000000003,True
Alkusha,2026-10-03 15:00:00,30.8,63,4.6,0.0,1,0.244,0.03600000000000003,True
Alkusha,2026-10-03 16:00:00,30.2,66,3.5,0.0,2,0.244,0.03600000000000003,True
Alkusha,2026-10-03 17:00:00,29.7,68,2.7,0.0,2,0.244,0.03600000000000003,True
Alkusha,2026-10-03 18:00:00,29.0,71,2.4,0.0,2,0.245,0.03500000000000003,True
Alkusha,2026-10-03 19:00:00,28.0,74,2.5,0.0,1,0.245,0.03500000000000003,True
Alkusha,2026-10-03 20:00:00,27.0,78,3.1,0.0,1,0.246,0.03400000000000003,True
Alkusha,2026-10-03 21:00:00,25.9,82,3.7,0.0,1,0.246,0.03400000000000003,True
Alkusha,2026-10-03 22:00:00,24.9,85,4.4,0.0,0,0.247,0.03300000000000003,True
Alkusha,2026-10-03 23:00:00,24.2,87,4.9,0.0,0,0.247,0.03300000000000003,True
Kumhari,2026-09-27 00:00:00,24.9,98,5.3,0.2,58,0.36,0.0,False
Kumhari,2026-09-27 01:00:00,25.2,96,6.2,0.3,74,0.356,0.0,False
Kumhari,2026-09-27 02:00:00,24.3,96,8.4,2.1,84,0.356,0.0,False
Kumhari,2026-09-27 03:00:00,24.1,96,4.4,0.8,79,0.353,0.0,False
Kumhari,2026-09-27 04:00:00,24.0,97,2.0,0.0,67,0.351,0.0,False
Kumhari,2026-09-27 05:00:00,25.0,97,2.0,0.0,59,0.353,0.0,False
Kumhari,2026-09-27 06:00:00,25.4,96,3.1,0.0,60,0.351,0.0,False
Kumhari,2026-09-27 07:00:00,26.1,91,4.1,0.0,64,0.35,0.0,False
Kumhari,2026-09-27 08:00:00,26.8,86,6.4,0.0,63,0.349,0.0,False
Kumhari,2026-09-27 09:00:00,28.4,76,6.3,0.0,52,0.347,0.0,False
Kumhari,2026-09-27 10:00:00,29.4,70,5.1,0.0,37,0.344,0.0,False
Kumhari,2026-09-27 11:00:00,30.1,64,5.8,0.0,25,0.341,0.0,True
Kumhari,2026-09-27 12:00:00,30.7,61,6.7,0.0,19,0.339,0.0,True
Kumhari,2026-09-27 13:00:00,31.0,60,8.0,0.0,17,0.337,0.0,True
Kumhari,2026-09-27 14:00:00,30.8,59,8.8,0.0,14,0.335,0.0,True
Kumhari,2026-09-27 15:00:00,30.4,60,8.3,0.0,10,0.334,0.0,True
Kumhari,2026-09-27 16:00:00,29.8,66,5.4,0.0,5,0.333,0.0,True
Kumhari,2026-09-27 17:00:00,28.4,75,2.9,0.0,2,0.333,0.0,True
Kumhari,2026-09-27 18:00:00,27.4,77,2.4,0.0,1,0.333,0.0,True
Kumhari,2026-09-27 19:00:00,26.5,80,1.8,0.0,0,0.333,0.0,True
Kumhari,2026-09-27 20:00:00,25.6,84,1.3,0.0,0,0.333,0.0,True
Kumhari,2026-09-27 21:00:00,24.6,89,3.2,0.0,0,0.333,0.0,True
Kumhari,2026-09-27 22:00:00,24.1,91,3.6,0.0,0,0.333,0.0,True
Kumhari,2026-09-27 23:00:00,23.6,93,4.1,0.0,0,0.333,0.0,True
Kumhari,2026-09-28 00:00:00,23.3,92,6.1,0.0,0,0.333,0.0,True
Kumhari,2026-09-28 01:00:00,23.2,93,6.8,0.0,0,0.333,0.0,True
Kumhari,2026-09-28 02:00:00,23.1,94,6.9,0.0,0,0.333,0.0,True
Kumhari,2026-09-28 03:00:00,23.1,94,6.6,0.0,0,0.333,0.0,True
Kumhari,2026-09-28 04:00:00,23.1,93,6.8,0.0,0,0.333,0.0,True
Kumhari,2026-09-28 05:00:00,22.8,94,4.8,0.0,0,0.333,0.0,True
Kumhari,2026-09-28 06:00:00,23.4,92,5.2,0.0,0,0.333,0.0,True
Kumhari,2026-09-28 07:00:00,25.2,87,4.2,0.0,0,0.332,0.0,True
Kumhari,2026-09-28 08:00:00,27.2,80,4.2,0.0,0,0.331,0.0,True
Kumhari,2026-09-28 09:00:00,28.8,72,7.8,0.1,7,0.33,0.0,True
Kumhari,2026-09-28 10:00:00,30.0,66,7.6,0.0,16,0.328,0.0,True
Kumhari,2026-09-28 11:00:00,30.8,60,7.4,0.0,22,0.327,0.0,True
Kumhari,2026-09-28 12:00:00,31.3,56,7.2,0.0,22,0.325,0.0,True
Kumhari,2026-09-28 13:00:00,31.5,55,7.2,0.0,18,0.323,0.0,True
Kumhari,2026-09-28 14:00:00,31.5,55,7.3,0.0,14,0.322,0.0,True
Kumhari,2026-09-28 15:00:00,31.1,57,7.8,0.0,10,0.322,0.0,True
Kumhari,2026-09-28 16:00:00,30.2,65,5.7,0.0,5,0.321,0.0,True
Kumhari,2026-09-28 17:00:00,28.4,75,4.0,0.0,2,0.322,0.0,True
Kumhari,2026-09-28 18:00:00,27.4,78,3.6,0.0,1,0.322,0.0,True
Kumhari,2026-09-28 19:00:00,26.1,82,5.5,0.0,0,0.322,0.0,True
Kumhari,2026-09-28 20:00:00,25.2,83,4.9,0.0,0,0.322,0.0,True
Kumhari,2026-09-28 21:00:00,24.3,86,3.9,0.0,0,0.322,0.0,True
Kumhari,2026-09-28 22:00:00,23.5,90,4.2,0.0,0,0.323,0.0,True
Kumhari,2026-09-28 23:00:00,23.0,93,4.5,0.0,0,0.323,0.0,True
Kumhari,2026-09-29 00:00:00,23.0,93,5.3,0.0,0,0.323,0.0,True
Kumhari,2026-09-29 01:00:00,23.1,93,6.5,0.0,0,0.323,0.0,True
Kumhari,2026-09-29 02:00:00,23.2,94,6.3,0.0,0,0.323,0.0,True
Kumhari,2026-09-29 03:00:00,23.0,95,5.0,0.0,0,0.323,0.0,True
Kumhari,2026-09-29 04:00:00,22.6,98,5.4,0.0,0,0.323,0.0,True
Kumhari,2026-09-29 05:00:00,22.5,98,5.8,0.0,0,0.323,0.0,True
Kumhari,2026-09-29 06:00:00,23.2,95,5.7,0.0,0,0.323,0.0,True
Kumhari,2026-09-29 07:00:00,24.9,90,4.7,0.0,0,0.323,0.0,True
Kumhari,2026-09-29 08:00:00,27.0,83,3.8,0.0,0,0.322,0.0,True
Kumhari,2026-09-29 09:00:00,29.0,73,3.2,0.0,3,0.321,0.0,True
Kumhari,2026-09-29 10:00:00,30.3,65,7.5,0.1,6,0.32,0.0,True
Kumhari,2026-09-29 11:00:00,31.2,61,7.5,0.1,8,0.319,0.0,True
Kumhari,2026-09-29 12:00:00,31.7,58,8.3,0.1,7,0.317,0.0,True
Kumhari,2026-09-29 13:00:00,32.0,57,8.9,0.1,4,0.316,0.0,True
Kumhari,2026-09-29 14:00:00,32.0,56,8.1,0.0,2,0.315,0.0,True
Kumhari,2026-09-29 15:00:00,31.7,57,8.4,0.0,1,0.315,0.0,True
Kumhari,2026-09-29 16:00:00,30.7,66,5.9,0.0,0,0.315,0.0,True
Kumhari,2026-09-29 17:00:00,28.7,73,5.7,0.0,0,0.315,0.0,True
Kumhari,2026-09-29 18:00:00,27.8,73,7.5,0.0,0,0.315,0.0,True
Kumhari,2026-09-29 19:00:00,27.0,76,6.6,0.0,0,0.316,0.0,True
Kumhari,2026-09-29 20:00:00,26.1,82,5.6,0.0,0,0.316,0.0,True
Kumhari,2026-09-29 21:00:00,25.2,87,5.2,0.0,0,0.316,0.0,True
Kumhari,2026-09-29 22:00:00,24.7,89,4.8,0.0,0,0.316,0.0,True
Kumhari,2026-09-29 23:00:00,24.2,91,4.8,0.0,0,0.316,0.0,True
Kumhari,2026-09-30 00:00:00,23.9,92,4.8,0.0,0,0.317,0.0,True
Kumhari,2026-09-30 01:00:00,23.7,93,5.8,0.0,0,0.317,0.0,True
Kumhari,2026-09-30 02:00:00,23.7,94,6.1,0.0,0,0.317,0.0,True
Kumhari,2026-09-30 03:00:00,23.5,96,6.3,0.0,0,0.317,0.0,True
Kumhari,2026-09-30 04:00:00,23.3,97,5.8,0.0,0,0.317,0.0,True
Kumhari,2026-09-30 05:00:00,23.4,97,5.7,0.0,0,0.317,0.0,True
Kumhari,2026-09-30 06:00:00,24.1,94,5.4,0.0,0,0.317,0.0,True
Kumhari,2026-09-30 07:00:00,25.6,90,5.1,0.0,0,0.317,0.0,True
Kumhari,2026-09-30 08:00:00,27.7,83,4.7,0.0,0,0.317,0.0,True
Kumhari,2026-09-30 09:00:00,29.5,71,7.9,0.0,3,0.315,0.0,True
Kumhari,2026-09-30 10:00:00,30.5,66,7.9,0.1,7,0.314,0.0,True
Kumhari,2026-09-30 11:00:00,31.4,62,6.7,0.1,10,0.313,0.0,True
Kumhari,2026-09-30 12:00:00,31.8,60,6.7,0.1,9,0.311,0.0,True
Kumhari,2026-09-30 13:00:00,32.1,59,7.4,0.0,6,0.31,0.0,True
Kumhari,2026-09-30 14:00:00,32.2,58,8.2,0.0,4,0.31,0.0,True
Kumhari,2026-09-30 15:00:00,31.7,59,8.8,0.0,3,0.309,0.0,True
Kumhari,2026-09-30 16:00:00,30.7,68,6.3,0.0,3,0.309,0.0,True
Kumhari,2026-09-30 17:00:00,28.9,76,4.7,0.0,2,0.31,0.0,True
Kumhari,2026-09-30 18:00:00,28.0,79,4.9,0.0,1,0.31,0.0,True
Kumhari,2026-09-30 19:00:00,27.3,81,3.7,0.0,1,0.311,0.0,True
Kumhari,2026-09-30 20:00:00,26.5,84,4.2,0.0,0,0.311,0.0,True
Kumhari,2026-09-30 21:00:00,25.9,87,3.3,0.0,0,0.311,0.0,True
Kumhari,2026-09-30 22:00:00,25.2,90,2.8,0.0,0,0.311,0.0,True
Kumhari,2026-09-30 23:00:00,24.7,92,2.7,0.0,0,0.311,0.0,True
Kumhari,2026-10-01 00:00:00,24.2,94,3.1,0.0,0,0.311,0.0,True
Kumhari,2026-10-01 01:00:00,24.0,95,4.8,0.0,0,0.312,0.0,True
Kumhari,2026-10-01 02:00:00,23.9,95,5.6,0.0,0,0.312,0.0,True
Kumhari,2026-10-01 03:00:00,23.8,95,4.1,0.0,0,0.312,0.0,True
Kumhari,2026-10-01 04:00:00,23.8,95,4.1,0.0,0,0.312,0.0,True
Kumhari,2026-10-01 05:00:00,23.4,99,5.6,0.0,0,0.312,0.0,True
Kumhari,2026-10-01 06:00:00,24.4,95,4.9,0.0,0,0.312,0.0,True
Kumhari,2026-10-01 07:00:00,26.0,90,4.0,0.0,0,0.312,0.0,True
Kumhari,2026-10-01 08:00:00,27.5,84,3.3,0.0,0,0.312,0.0,True
Kumhari,2026-10-01 09:00:00,28.9,76,3.3,0.0,1,0.311,0.0,True
Kumhari,2026-10-01 10:00:00,30.2,68,3.5,0.0,3,0.309,0.0,True
Kumhari,2026-10-01 11:00:00,31.2,63,3.7,0.0,4,0.308,0.0,True
Kumhari,2026-10-01 12:00:00,31.8,59,4.0,0.0,3,0.307,0.0,True
Kumhari,2026-10-01 13:00:00,32.1,57,4.5,0.0,1,0.306,0.0,True
Kumhari,2026-10-01 14:00:00,32.0,57,4.6,0.0,0,0.305,0.0,True
Kumhari,2026-10-01 15:00:00,31.5,61,3.3,0.0,1,0.305,0.0,True
Kumhari,2026-10-01 16:00:00,30.7,66,1.3,0.0,3,0.306,0.0,True
Kumhari,2026-10-01 17:00:00,29.8,72,0.4,0.0,4,0.306,0.0,True
Kumhari,2026-10-01 18:00:00,28.8,76,0.3,0.0,3,0.306,0.0,True
Kumhari,2026-10-01 19:00:00,27.8,81,1.1,0.0,1,0.307,0.0,True
Kumhari,2026-10-01 20:00:00,26.9,85,2.0,0.0,0,0.307,0.0,True
Kumhari,2026-10-01 21:00:00,26.1,87,2.7,0.0,0,0.307,0.0,True
Kumhari,2026-10-01 22:00:00,25.5,88,3.4,0.0,0,0.308,0.0,True
Kumhari,2026-10-01 23:00:00,25.0,89,4.1,0.0,0,0.308,0.0,True
Kumhari,2026-10-02 00:00:00,24.5,91,4.8,0.0,1,0.308,0.0,True
Kumhari,2026-10-02 01:00:00,24.1,93,5.5,0.0,3,0.308,0.0,True
Kumhari,2026-10-02 02:00:00,23.8,95,5.9,0.0,4,0.308,0.0,True
Kumhari,2026-10-02 03:00:00,23.3,97,6.3,0.0,4,0.308,0.0,True
Kumhari,2026-10-02 04:00:00,22.9,99,6.5,0.0,3,0.309,0.0,True
Kumhari,2026-10-02 05:00:00,23.0,99,6.4,0.0,2,0.309,0.0,True
Kumhari,2026-10-02 06:00:00,24.0,96,5.5,0.0,1,0.309,0.0,True
Kumhari,2026-10-02 07:00:00,25.6,91,4.6,0.0,1,0.309,0.0,True
Kumhari,2026-10-02 08:00:00,27.1,85,3.8,0.0,0,0.308,0.0,True
Kumhari,2026-10-02 09:00:00,28.6,76,4.0,0.0,0,0.307,0.0,True
Kumhari,2026-10-02 10:00:00,30.1,66,4.5,0.0,0,0.306,0.0,True
Kumhari,2026-10-02 11:00:00,31.2,59,4.9,0.0,0,0.305,0.0,True
Kumhari,2026-10-02 12:00:00,31.8,56,5.2,0.0,0,0.307,0.0,True
Kumhari,2026-10-02 13:00:00,32.2,53,5.6,0.0,0,0.306,0.0,True
Kumhari,2026-10-02 14:00:00,32.0,54,5.4,0.0,0,0.306,0.0,True
Kumhari,2026-10-02 15:00:00,31.2,58,4.6,0.0,0,0.306,0.0,True
Kumhari,2026-10-02 16:00:00,29.9,65,4.6,0.0,0,0.307,0.0,True
Kumhari,2026-10-02 17:00:00,28.7,72,4.8,0.0,0,0.307,0.0,True
Kumhari,2026-10-02 18:00:00,27.8,75,3.3,0.0,0,0.307,0.0,True
Kumhari,2026-10-02 19:00:00,27.0,77,4.2,0.0,0,0.307,0.0,True
Kumhari,2026-10-02 20:00:00,26.3,80,6.0,0.0,0,0.307,0.0,True
Kumhari,2026-10-02 21:00:00,25.5,83,5.9,0.0,0,0.307,0.0,True
Kumhari,2026-10-02 22:00:00,24.7,87,5.0,0.0,0,0.308,0.0,True
Kumhari,2026-10-02 23:00:00,24.0,90,4.5,0.0,0,0.308,0.0,True
Kumhari,2026-10-03 00:00:00,23.6,92,4.2,0.0,0,0.308,0.0,True
Kumhari,2026-10-03 01:00:00,23.2,94,3.9,0.0,0,0.308,0.0,True
Kumhari,2026-10-03 02:00:00,23.0,95,4.0,0.0,0,0.308,0.0,True
Kumhari,2026-10-03 03:00:00,22.6,95,4.3,0.0,0,0.308,0.0,True
Kumhari,2026-10-03 04:00:00,22.4,94,4.8,0.0,0,0.309,0.0,True
Kumhari,2026-10-03 05:00:00,22.7,91,5.2,0.0,0,0.309,0.0,True
Kumhari,2026-10-03 06:00:00,23.9,88,5.9,0.0,0,0.309,0.0,True
Kumhari,2026-10-03 07:00:00,25.6,84,6.8,0.0,0,0.309,0.0,True
Kumhari,2026-10-03 08:00:00,27.2,78,7.5,0.0,0,0.309,0.0,True
Kumhari,2026-10-03 09:00:00,28.7,71,7.9,0.0,0,0.308,0.0,True
Kumhari,2026-10-03 10:00:00,30.1,63,8.1,0.0,0,0.308,0.0,True
Kumhari,2026-10-03 11:00:00,31.1,59,8.3,0.0,0,0.307,0.0,True
Kumhari,2026-10-03 12:00:00,31.5,59,7.2,0.0,0,0.306,0.0,True
Kumhari,2026-10-03 13:00:00,31.4,60,6.6,0.0,1,0.306,0.0,True
Kumhari,2026-10-03 14:00:00,31.1,62,5.7,0.0,1,0.305,0.0,True
Kumhari,2026-10-03 15:00:00,30.5,65,4.9,0.0,1,0.305,0.0,True
Kumhari,2026-10-03 16:00:00,29.8,68,4.3,0.0,2,0.305,0.0,True
Kumhari,2026-10-03 17:00:00,29.2,71,4.0,0.0,2,0.305,0.0,True
Kumhari,2026-10-03 18:00:00,28.5,73,3.8,0.0,2,0.305,0.0,True
Kumhari,2026-10-03 19:00:00,27.6,76,3.8,0.0,1,0.306,0.0,True
Kumhari,2026-10-03 20:00:00,26.6,80,3.8,0.0,1,0.306,0.0,True
Kumhari,2026-10-03 21:00:00,25.7,83,4.1,0.0,1,0.306,0.0,True
Kumhari,2026-10-03 22:00:00,24.8,86,4.5,0.0,0,0.306,0.0,True
Kumhari,2026-10-03 23:00:00,24.1,89,4.8,0.0,0,0.306,0.0,True
West Ghatiyali,2026-09-27 00:00:00,24.7,94,7.7,0.9,65,0.258,0.02200000000000002,False
West Ghatiyali,2026-09-27 01:00:00,24.6,94,4.4,0.3,58,0.259,0.02100000000000002,False
West Ghatiyali,2026-09-27 02:00:00,24.5,96,2.7,0.0,51,0.256,0.02400000000000002,False
West Ghatiyali,2026-09-27 03:00:00,24.3,97,1.4,0.0,46,0.254,0.026000000000000023,False
West Ghatiyali,2026-09-27 04:00:00,23.9,98,2.8,0.0,42,0.253,0.027000000000000024,False
West Ghatiyali,2026-09-27 05:00:00,24.7,96,4.4,0.0,37,0.253,0.027000000000000024,False
West Ghatiyali,2026-09-27 06:00:00,24.9,95,5.7,0.0,32,0.253,0.027000000000000024,False
West Ghatiyali,2026-09-27 07:00:00,25.8,88,6.5,0.0,26,0.252,0.028000000000000025,True
West Ghatiyali,2026-09-27 08:00:00,26.9,80,7.8,0.0,20,0.251,0.029000000000000026,True
West Ghatiyali,2026-09-27 09:00:00,28.2,70,8.5,0.0,14,0.25,0.030000000000000027,True
West Ghatiyali,2026-09-27 10:00:00,29.1,66,7.5,0.0,8,0.248,0.03200000000000003,True
West Ghatiyali,2026-09-27 11:00:00,29.6,64,8.6,0.0,4,0.245,0.03500000000000003,True
West Ghatiyali,2026-09-27 12:00:00,30.0,62,10.0,0.0,4,0.244,0.03600000000000003,True
West Ghatiyali,2026-09-27 13:00:00,30.4,60,11.7,0.0,7,0.242,0.038000000000000034,True
West Ghatiyali,2026-09-27 14:00:00,30.4,58,12.9,0.0,8,0.241,0.039000000000000035,True
West Ghatiyali,2026-09-27 15:00:00,29.8,60,13.0,0.0,6,0.24,0.040000000000000036,True
West Ghatiyali,2026-09-27 16:00:00,29.2,67,8.5,0.0,3,0.24,0.040000000000000036,True
West Ghatiyali,2026-09-27 17:00:00,27.3,77,5.2,0.0,0,0.24,0.040000000000000036,True
West Ghatiyali,2026-09-27 18:00:00,26.3,81,4.5,0.0,0,0.24,0.040000000000000036,True
West Ghatiyali,2026-09-27 19:00:00,25.8,83,3.9,0.0,0,0.241,0.039000000000000035,True
West Ghatiyali,2026-09-27 20:00:00,25.1,84,4.3,0.0,0,0.241,0.039000000000000035,True
West Ghatiyali,2026-09-27 21:00:00,24.5,86,4.8,0.0,0,0.241,0.039000000000000035,True
West Ghatiyali,2026-09-27 22:00:00,24.1,87,4.3,0.0,0,0.241,0.039000000000000035,True
West Ghatiyali,2026-09-27 23:00:00,23.6,89,3.8,0.0,0,0.241,0.039000000000000035,True
West Ghatiyali,2026-09-28 00:00:00,23.1,91,4.8,0.0,0,0.242,0.038000000000000034,True
West Ghatiyali,2026-09-28 01:00:00,22.8,92,4.8,0.0,0,0.242,0.038000000000000034,True
West Ghatiyali,2026-09-28 02:00:00,22.7,92,5.2,0.0,0,0.242,0.038000000000000034,True
West Ghatiyali,2026-09-28 03:00:00,22.8,91,6.5,0.0,0,0.242,0.038000000000000034,True
West Ghatiyali,2026-09-28 04:00:00,22.8,91,6.3,0.0,0,0.242,0.038000000000000034,True
West Ghatiyali,2026-09-28 05:00:00,22.5,93,5.1,0.0,0,0.242,0.038000000000000034,True
West Ghatiyali,2026-09-28 06:00:00,23.3,91,7.0,0.0,0,0.243,0.03700000000000003,True
West Ghatiyali,2026-09-28 07:00:00,25.2,86,6.2,0.0,0,0.242,0.038000000000000034,True
West Ghatiyali,2026-09-28 08:00:00,26.8,81,9.1,0.0,0,0.242,0.038000000000000034,True
West Ghatiyali,2026-09-28 09:00:00,28.0,75,11.1,0.0,6,0.241,0.039000000000000035,True
West Ghatiyali,2026-09-28 10:00:00,29.1,69,10.5,0.0,14,0.24,0.040000000000000036,True
West Ghatiyali,2026-09-28 11:00:00,30.0,61,10.6,0.0,20,0.239,0.041000000000000036,True
West Ghatiyali,2026-09-28 12:00:00,30.5,59,10.3,0.0,23,0.237,0.04300000000000004,True
West Ghatiyali,2026-09-28 13:00:00,30.7,57,9.5,0.0,24,0.236,0.04400000000000004,True
West Ghatiyali,2026-09-28 14:00:00,30.7,57,9.9,0.0,22,0.235,0.04500000000000004,True
West Ghatiyali,2026-09-28 15:00:00,30.2,58,10.2,0.0,16,0.235,0.04500000000000004,True
West Ghatiyali,2026-09-28 16:00:00,29.4,65,7.2,0.0,8,0.235,0.04500000000000004,True
West Ghatiyali,2026-09-28 17:00:00,28.0,73,3.7,0.0,2,0.235,0.04500000000000004,True
West Ghatiyali,2026-09-28 18:00:00,27.4,73,2.0,0.0,0,0.236,0.04400000000000004,True
West Ghatiyali,2026-09-28 19:00:00,26.3,77,4.1,0.0,0,0.236,0.04400000000000004,True
West Ghatiyali,2026-09-28 20:00:00,25.4,80,6.4,0.0,0,0.237,0.04300000000000004,True
West Ghatiyali,2026-09-28 21:00:00,24.7,81,6.6,0.0,0,0.237,0.04300000000000004,True
West Ghatiyali,2026-09-28 22:00:00,24.1,83,6.7,0.0,0,0.237,0.04300000000000004,True
West Ghatiyali,2026-09-28 23:00:00,23.7,86,6.0,0.0,0,0.238,0.04200000000000004,True
West Ghatiyali,2026-09-29 00:00:00,23.3,89,5.3,0.0,0,0.238,0.04200000000000004,True
West Ghatiyali,2026-09-29 01:00:00,23.0,91,5.2,0.0,0,0.238,0.04200000000000004,True
West Ghatiyali,2026-09-29 02:00:00,23.0,91,5.4,0.0,0,0.238,0.04200000000000004,True
West Ghatiyali,2026-09-29 03:00:00,22.8,92,4.2,0.0,0,0.239,0.041000000000000036,True
West Ghatiyali,2026-09-29 04:00:00,22.5,92,4.9,0.0,0,0.239,0.041000000000000036,True
West Ghatiyali,2026-09-29 05:00:00,22.4,92,4.7,0.0,0,0.239,0.041000000000000036,True
West Ghatiyali,2026-09-29 06:00:00,23.4,89,6.3,0.0,0,0.24,0.040000000000000036,True
West Ghatiyali,2026-09-29 07:00:00,25.8,83,4.0,0.0,0,0.24,0.040000000000000036,True
West Ghatiyali,2026-09-29 08:00:00,28.0,74,4.4,0.0,0,0.239,0.041000000000000036,True
West Ghatiyali,2026-09-29 09:00:00,29.4,67,7.2,0.1,2,0.238,0.04200000000000004,True
West Ghatiyali,2026-09-29 10:00:00,30.1,64,10.1,0.1,5,0.237,0.04300000000000004,True
West Ghatiyali,2026-09-29 11:00:00,30.7,61,8.9,0.1,8,0.236,0.04400000000000004,True
West Ghatiyali,2026-09-29 12:00:00,31.2,59,8.9,0.1,11,0.235,0.04500000000000004,True
West Ghatiyali,2026-09-29 13:00:00,31.3,58,9.7,0.1,13,0.234,0.04600000000000001,True
West Ghatiyali,2026-09-29 14:00:00,31.3,57,9.7,0.1,14,0.233,0.047000000000000014,True
West Ghatiyali,2026-09-29 15:00:00,30.9,59,9.3,0.0,12,0.233,0.047000000000000014,True
West Ghatiyali,2026-09-29 16:00:00,30.1,67,6.2,0.0,7,0.233,0.047000000000000014,True
West Ghatiyali,2026-09-29 17:00:00,28.4,76,4.5,0.0,4,0.234,0.04600000000000001,True
West Ghatiyali,2026-09-29 18:00:00,27.2,78,5.9,0.0,2,0.234,0.04600000000000001,True
West Ghatiyali,2026-09-29 19:00:00,26.4,80,5.6,0.0,1,0.235,0.04500000000000004,True
West Ghatiyali,2026-09-29 20:00:00,25.8,83,5.3,0.0,0,0.235,0.04500000000000004,True
West Ghatiyali,2026-09-29 21:00:00,25.2,86,4.8,0.0,0,0.235,0.04500000000000004,True
West Ghatiyali,2026-09-29 22:00:00,24.7,88,4.8,0.0,0,0.236,0.04400000000000004,True
West Ghatiyali,2026-09-29 23:00:00,24.2,90,4.7,0.0,0,0.236,0.04400000000000004,True
West Ghatiyali,2026-09-30 00:00:00,23.7,93,4.4,0.0,0,0.237,0.04300000000000004,True
West Ghatiyali,2026-09-30 01:00:00,23.5,94,4.3,0.0,0,0.237,0.04300000000000004,True
West Ghatiyali,2026-09-30 02:00:00,23.4,95,4.3,0.0,0,0.237,0.04300000000000004,True
West Ghatiyali,2026-09-30 03:00:00,23.3,95,4.6,0.0,0,0.238,0.04200000000000004,True
West Ghatiyali,2026-09-30 04:00:00,23.2,95,5.2,0.0,0,0.238,0.04200000000000004,True
West Ghatiyali,2026-09-30 05:00:00,23.1,95,5.1,0.0,0,0.238,0.04200000000000004,True
West Ghatiyali,2026-09-30 06:00:00,24.0,92,6.5,0.0,0,0.238,0.04200000000000004,True
West Ghatiyali,2026-09-30 07:00:00,26.2,86,4.7,0.0,0,0.239,0.041000000000000036,True
West Ghatiyali,2026-09-30 08:00:00,28.2,76,6.2,0.0,0,0.238,0.04200000000000004,True
West Ghatiyali,2026-09-30 09:00:00,29.3,70,8.7,0.0,3,0.237,0.04300000000000004,True
West Ghatiyali,2026-09-30 10:00:00,30.1,66,8.9,0.1,8,0.236,0.04400000000000004,True
West Ghatiyali,2026-09-30 11:00:00,30.8,63,7.6,0.1,12,0.235,0.04500000000000004,True
West Ghatiyali,2026-09-30 12:00:00,31.2,61,7.5,0.1,14,0.234,0.04600000000000001,True
West Ghatiyali,2026-09-30 13:00:00,31.5,60,8.0,0.0,15,0.233,0.047000000000000014,True
West Ghatiyali,2026-09-30 14:00:00,31.6,60,8.1,0.0,14,0.233,0.047000000000000014,True
West Ghatiyali,2026-09-30 15:00:00,31.3,60,8.4,0.0,11,0.232,0.048000000000000015,True
West Ghatiyali,2026-09-30 16:00:00,30.3,67,7.0,0.0,6,0.233,0.047000000000000014,True
West Ghatiyali,2026-09-30 17:00:00,28.5,77,4.9,0.0,2,0.233,0.047000000000000014,True
West Ghatiyali,2026-09-30 18:00:00,27.5,81,4.1,0.0,1,0.233,0.047000000000000014,True
West Ghatiyali,2026-09-30 19:00:00,27.0,83,2.7,0.0,0,0.234,0.04600000000000001,True
West Ghatiyali,2026-09-30 20:00:00,26.5,85,1.9,0.0,0,0.234,0.04600000000000001,True
West Ghatiyali,2026-09-30 21:00:00,26.0,87,2.6,0.0,0,0.235,0.04500000000000004,True
West Ghatiyali,2026-09-30 22:00:00,25.4,88,2.6,0.0,0,0.235,0.04500000000000004,True
West Ghatiyali,2026-09-30 23:00:00,25.0,89,1.4,0.0,0,0.236,0.04400000000000004,True
West Ghatiyali,2026-10-01 00:00:00,24.5,92,3.6,0.0,0,0.236,0.04400000000000004,True
West Ghatiyali,2026-10-01 01:00:00,24.0,94,4.1,0.0,0,0.237,0.04300000000000004,True
West Ghatiyali,2026-10-01 02:00:00,23.8,95,3.3,0.0,0,0.237,0.04300000000000004,True
West Ghatiyali,2026-10-01 03:00:00,23.6,96,2.5,0.0,0,0.237,0.04300000000000004,True
West Ghatiyali,2026-10-01 04:00:00,23.4,97,2.5,0.0,0,0.238,0.04200000000000004,True
West Ghatiyali,2026-10-01 05:00:00,23.1,98,3.5,0.0,0,0.238,0.04200000000000004,True
West Ghatiyali,2026-10-01 06:00:00,24.4,92,3.2,0.0,0,0.238,0.04200000000000004,True
West Ghatiyali,2026-10-01 07:00:00,26.3,84,2.9,0.0,0,0.238,0.04200000000000004,True
West Ghatiyali,2026-10-01 08:00:00,28.0,77,2.8,0.0,0,0.238,0.04200000000000004,True
West Ghatiyali,2026-10-01 09:00:00,29.2,71,3.0,0.0,2,0.237,0.04300000000000004,True
West Ghatiyali,2026-10-01 10:00:00,30.2,65,3.1,0.0,4,0.236,0.04400000000000004,True
West Ghatiyali,2026-10-01 11:00:00,30.9,60,3.5,0.0,6,0.235,0.04500000000000004,True
West Ghatiyali,2026-10-01 12:00:00,31.5,57,4.1,0.0,7,0.234,0.04600000000000001,True
West Ghatiyali,2026-10-01 13:00:00,31.9,54,4.9,0.0,6,0.233,0.047000000000000014,True
West Ghatiyali,2026-10-01 14:00:00,31.9,54,5.2,0.0,6,0.233,0.047000000000000014,True
West Ghatiyali,2026-10-01 15:00:00,31.2,58,4.1,0.0,5,0.233,0.047000000000000014,True
West Ghatiyali,2026-10-01 16:00:00,30.2,66,2.4,0.0,5,0.233,0.047000000000000014,True
West Ghatiyali,2026-10-01 17:00:00,29.1,73,1.8,0.0,4,0.233,0.047000000000000014,True
West Ghatiyali,2026-10-01 18:00:00,28.0,77,2.9,0.0,3,0.234,0.04600000000000001,True
West Ghatiyali,2026-10-01 19:00:00,27.0,79,4.8,0.0,3,0.234,0.04600000000000001,True
West Ghatiyali,2026-10-01 20:00:00,26.1,82,5.9,0.0,2,0.235,0.04500000000000004,True
West Ghatiyali,2026-10-01 21:00:00,25.4,83,5.7,0.0,1,0.235,0.04500000000000004,True
West Ghatiyali,2026-10-01 22:00:00,24.9,85,4.9,0.0,1,0.236,0.04400000000000004,True
West Ghatiyali,2026-10-01 23:00:00,24.5,87,4.2,0.0,0,0.236,0.04400000000000004,True
West Ghatiyali,2026-10-02 00:00:00,24.0,89,3.6,0.0,0,0.236,0.04400000000000004,True
West Ghatiyali,2026-10-02 01:00:00,23.5,93,3.3,0.0,0,0.237,0.04300000000000004,True
West Ghatiyali,2026-10-02 02:00:00,23.1,95,3.4,0.0,0,0.237,0.04300000000000004,True
West Ghatiyali,2026-10-02 03:00:00,22.8,96,3.9,0.0,0,0.237,0.04300000000000004,True
West Ghatiyali,2026-10-02 04:00:00,22.5,95,4.8,0.0,0,0.238,0.04200000000000004,True
West Ghatiyali,2026-10-02 05:00:00,22.8,93,5.2,0.0,0,0.238,0.04200000000000004,True
West Ghatiyali,2026-10-02 06:00:00,24.1,88,4.6,0.0,0,0.238,0.04200000000000004,True
West Ghatiyali,2026-10-02 07:00:00,26.0,82,3.6,0.0,0,0.238,0.04200000000000004,True
West Ghatiyali,2026-10-02 08:00:00,27.7,76,3.3,0.0,0,0.238,0.04200000000000004,True
West Ghatiyali,2026-10-02 09:00:00,29.0,69,3.9,0.0,1,0.237,0.04300000000000004,True
West Ghatiyali,2026-10-02 10:00:00,30.1,62,5.1,0.0,3,0.236,0.04400000000000004,True
West Ghatiyali,2026-10-02 11:00:00,30.9,57,6.1,0.0,4,0.235,0.04500000000000004,True
West Ghatiyali,2026-10-02 12:00:00,31.5,53,7.1,0.0,4,0.239,0.041000000000000036,True
West Ghatiyali,2026-10-02 13:00:00,31.9,50,8.2,0.0,2,0.238,0.04200000000000004,True
West Ghatiyali,2026-10-02 14:00:00,31.7,49,8.6,0.0,2,0.238,0.04200000000000004,True
West Ghatiyali,2026-10-02 15:00:00,30.6,53,8.1,0.0,3,0.238,0.04200000000000004,True
West Ghatiyali,2026-10-02 16:00:00,29.1,59,7.8,0.0,5,0.238,0.04200000000000004,True
West Ghatiyali,2026-10-02 17:00:00,27.8,65,7.6,0.0,6,0.238,0.04200000000000004,True
West Ghatiyali,2026-10-02 18:00:00,27.2,68,7.2,0.0,5,0.239,0.041000000000000036,True
West Ghatiyali,2026-10-02 19:00:00,26.8,69,8.1,0.0,2,0.239,0.041000000000000036,True
West Ghatiyali,2026-10-02 20:00:00,26.3,71,8.9,0.0,0,0.24,0.040000000000000036,True
West Ghatiyali,2026-10-02 21:00:00,25.2,75,6.6,0.0,0,0.24,0.040000000000000036,True
West Ghatiyali,2026-10-02 22:00:00,24.0,82,4.0,0.0,0,0.241,0.039000000000000035,True
West Ghatiyali,2026-10-02 23:00:00,23.1,86,5.0,0.0,0,0.241,0.039000000000000035,True
West Ghatiyali,2026-10-03 00:00:00,22.8,87,5.6,0.0,0,0.241,0.039000000000000035,True
West Ghatiyali,2026-10-03 01:00:00,22.8,86,5.8,0.0,0,0.242,0.038000000000000034,True
West Ghatiyali,2026-10-03 02:00:00,22.7,86,6.2,0.0,0,0.242,0.038000000000000034,True
West Ghatiyali,2026-10-03 03:00:00,22.2,88,6.2,0.0,1,0.242,0.038000000000000034,True
West Ghatiyali,2026-10-03 04:00:00,21.7,90,5.9,0.0,1,0.243,0.03700000000000003,True
West Ghatiyali,2026-10-03 05:00:00,21.9,90,5.8,0.0,2,0.243,0.03700000000000003,True
West Ghatiyali,2026-10-03 06:00:00,23.6,84,6.0,0.0,2,0.243,0.03700000000000003,True
West Ghatiyali,2026-10-03 07:00:00,26.1,76,6.3,0.0,1,0.244,0.03600000000000003,True
West Ghatiyali,2026-10-03 08:00:00,28.2,69,6.9,0.0,1,0.244,0.03600000000000003,True
West Ghatiyali,2026-10-03 09:00:00,29.4,64,7.9,0.0,1,0.244,0.03600000000000003,True
West Ghatiyali,2026-10-03 10:00:00,30.2,60,9.2,0.0,0,0.243,0.03700000000000003,True
West Ghatiyali,2026-10-03 11:00:00,30.7,57,10.2,0.0,0,0.242,0.038000000000000034,True
West Ghatiyali,2026-10-03 12:00:00,31.1,57,8.9,0.0,0,0.241,0.039000000000000035,True
West Ghatiyali,2026-10-03 13:00:00,31.1,58,7.7,0.0,1,0.241,0.039000000000000035,True
West Ghatiyali,2026-10-03 14:00:00,30.8,61,5.7,0.0,2,0.24,0.040000000000000036,True
West Ghatiyali,2026-10-03 15:00:00,30.3,64,4.0,0.0,3,0.24,0.040000000000000036,True
West Ghatiyali,2026-10-03 16:00:00,29.7,67,2.3,0.0,4,0.24,0.040000000000000036,True
West Ghatiyali,2026-10-03 17:00:00,29.1,69,1.5,0.0,4,0.24,0.040000000000000036,True
West Ghatiyali,2026-10-03 18:00:00,28.4,71,1.7,0.0,4,0.24,0.040000000000000036,True
West Ghatiyali,2026-10-03 19:00:00,27.4,73,2.3,0.0,3,0.241,0.039000000000000035,True
West Ghatiyali,2026-10-03 20:00:00,26.4,75,3.5,0.0,2,0.241,0.039000000000000035,True
West Ghatiyali,2026-10-03 21:00:00,25.4,76,4.5,0.0,1,0.241,0.039000000000000035,True
West Ghatiyali,2026-10-03 22:00:00,24.5,77,5.6,0.0,1,0.242,0.038000000000000034,True
West Ghatiyali,2026-10-03 23:00:00,23.8,79,6.3,0.0,0,0.242,0.038000000000000034,True
Kura,2026-09-27 00:00:00,25.0,96,8.4,0.2,37,0.259,0.02100000000000002,False
Kura,2026-09-27 01:00:00,24.9,95,5.5,0.3,56,0.26,0.020000000000000018,False
Kura,2026-09-27 02:00:00,24.3,97,6.6,0.1,69,0.258,0.02200000000000002,False
Kura,2026-09-27 03:00:00,24.3,97,2.9,0.1,68,0.256,0.02400000000000002,False
Kura,2026-09-27 04:00:00,24.3,97,3.5,0.0,60,0.255,0.025000000000000022,False
Kura,2026-09-27 05:00:00,25.0,95,5.6,0.0,55,0.256,0.02400000000000002,False
Kura,2026-09-27 06:00:00,25.4,94,6.4,0.0,57,0.255,0.025000000000000022,False
Kura,2026-09-27 07:00:00,26.3,87,6.1,0.0,61,0.254,0.026000000000000023,False
Kura,2026-09-27 08:00:00,27.2,81,7.6,0.0,59,0.254,0.026000000000000023,False
Kura,2026-09-27 09:00:00,28.1,73,8.2,0.0,45,0.252,0.028000000000000025,False
Kura,2026-09-27 10:00:00,28.9,69,7.2,0.0,25,0.251,0.029000000000000026,True
Kura,2026-09-27 11:00:00,29.7,66,8.0,0.0,10,0.248,0.03200000000000003,True
Kura,2026-09-27 12:00:00,30.2,63,8.9,0.0,3,0.246,0.03400000000000003,True
Kura,2026-09-27 13:00:00,30.5,60,9.7,0.0,1,0.245,0.03500000000000003,True
Kura,2026-09-27 14:00:00,30.5,59,10.5,0.0,0,0.244,0.03600000000000003,True
Kura,2026-09-27 15:00:00,30.0,61,11.2,0.1,0,0.243,0.03700000000000003,True
Kura,2026-09-27 16:00:00,29.3,67,7.5,0.0,0,0.243,0.03700000000000003,True
Kura,2026-09-27 17:00:00,27.6,78,4.3,0.0,0,0.243,0.03700000000000003,True
Kura,2026-09-27 18:00:00,26.8,80,3.2,0.0,0,0.243,0.03700000000000003,True
Kura,2026-09-27 19:00:00,26.5,80,1.1,0.0,0,0.243,0.03700000000000003,True
Kura,2026-09-27 20:00:00,25.8,83,0.8,0.0,0,0.244,0.03600000000000003,True
Kura,2026-09-27 21:00:00,24.9,86,3.3,0.0,0,0.244,0.03600000000000003,True
Kura,2026-09-27 22:00:00,24.4,88,3.4,0.0,0,0.244,0.03600000000000003,True
Kura,2026-09-27 23:00:00,24.0,89,3.4,0.0,0,0.245,0.03500000000000003,True
Kura,2026-09-28 00:00:00,23.6,90,5.4,0.0,0,0.245,0.03500000000000003,True
Kura,2026-09-28 01:00:00,23.2,92,5.0,0.0,0,0.245,0.03500000000000003,True
Kura,2026-09-28 02:00:00,22.9,93,5.3,0.0,0,0.245,0.03500000000000003,True
Kura,2026-09-28 03:00:00,22.7,94,6.1,0.0,0,0.245,0.03500000000000003,True
Kura,2026-09-28 04:00:00,22.7,94,6.3,0.0,0,0.246,0.03400000000000003,True
Kura,2026-09-28 05:00:00,22.5,95,5.1,0.0,0,0.246,0.03400000000000003,True
Kura,2026-09-28 06:00:00,23.4,91,6.9,0.0,0,0.246,0.03400000000000003,True
Kura,2026-09-28 07:00:00,25.1,87,6.5,0.0,0,0.246,0.03400000000000003,True
Kura,2026-09-28 08:00:00,26.8,82,8.0,0.0,0,0.245,0.03500000000000003,True
Kura,2026-09-28 09:00:00,28.2,74,10.9,0.0,4,0.244,0.03600000000000003,True
Kura,2026-09-28 10:00:00,29.4,68,10.0,0.1,10,0.243,0.03700000000000003,True
Kura,2026-09-28 11:00:00,30.2,63,10.0,0.0,14,0.242,0.038000000000000034,True
Kura,2026-09-28 12:00:00,30.7,60,10.0,0.0,15,0.241,0.039000000000000035,True
Kura,2026-09-28 13:00:00,31.0,58,9.5,0.0,14,0.24,0.040000000000000036,True
Kura,2026-09-28 14:00:00,31.0,57,9.5,0.0,12,0.239,0.041000000000000036,True
Kura,2026-09-28 15:00:00,30.6,58,9.8,0.0,10,0.238,0.04200000000000004,True
Kura,2026-09-28 16:00:00,29.7,65,7.4,0.0,8,0.238,0.04200000000000004,True
Kura,2026-09-28 17:00:00,27.9,74,4.9,0.0,6,0.239,0.041000000000000036,True
Kura,2026-09-28 18:00:00,27.5,73,2.6,0.0,4,0.239,0.041000000000000036,True
Kura,2026-09-28 19:00:00,26.7,76,4.4,0.0,2,0.24,0.040000000000000036,True
Kura,2026-09-28 20:00:00,25.7,80,6.1,0.0,0,0.24,0.040000000000000036,True
Kura,2026-09-28 21:00:00,24.8,83,6.0,0.0,0,0.24,0.040000000000000036,True
Kura,2026-09-28 22:00:00,24.1,85,5.6,0.0,0,0.241,0.039000000000000035,True
Kura,2026-09-28 23:00:00,23.8,86,5.9,0.0,0,0.241,0.039000000000000035,True
Kura,2026-09-29 00:00:00,23.5,89,6.0,0.0,0,0.242,0.038000000000000034,True
Kura,2026-09-29 01:00:00,23.3,90,6.0,0.0,0,0.242,0.038000000000000034,True
Kura,2026-09-29 02:00:00,23.1,92,5.4,0.0,0,0.242,0.038000000000000034,True
Kura,2026-09-29 03:00:00,22.7,95,3.9,0.0,0,0.243,0.03700000000000003,True
Kura,2026-09-29 04:00:00,22.4,96,4.0,0.0,0,0.243,0.03700000000000003,True
Kura,2026-09-29 05:00:00,22.4,95,3.9,0.0,0,0.243,0.03700000000000003,True
Kura,2026-09-29 06:00:00,23.4,92,4.7,0.0,0,0.243,0.03700000000000003,True
Kura,2026-09-29 07:00:00,25.5,85,3.4,0.0,0,0.243,0.03700000000000003,True
Kura,2026-09-29 08:00:00,27.7,76,3.6,0.0,0,0.243,0.03700000000000003,True
Kura,2026-09-29 09:00:00,29.4,69,5.6,0.1,0,0.242,0.038000000000000034,True
Kura,2026-09-29 10:00:00,30.2,64,9.7,0.1,0,0.241,0.039000000000000035,True
Kura,2026-09-29 11:00:00,30.8,62,9.4,0.1,0,0.24,0.040000000000000036,True
Kura,2026-09-29 12:00:00,31.2,60,8.8,0.1,1,0.239,0.041000000000000036,True
Kura,2026-09-29 13:00:00,31.4,59,9.4,0.1,3,0.238,0.04200000000000004,True
Kura,2026-09-29 14:00:00,31.4,58,9.2,0.0,4,0.237,0.04300000000000004,True
Kura,2026-09-29 15:00:00,31.3,58,8.4,0.0,3,0.237,0.04300000000000004,True
Kura,2026-09-29 16:00:00,30.5,66,5.8,0.0,1,0.237,0.04300000000000004,True
Kura,2026-09-29 17:00:00,28.7,74,4.8,0.0,0,0.238,0.04200000000000004,True
Kura,2026-09-29 18:00:00,27.7,74,6.5,0.0,0,0.238,0.04200000000000004,True
Kura,2026-09-29 19:00:00,27.1,76,7.7,0.0,1,0.239,0.041000000000000036,True
Kura,2026-09-29 20:00:00,26.3,79,6.6,0.0,2,0.239,0.041000000000000036,True
Kura,2026-09-29 21:00:00,25.5,84,5.1,0.0,2,0.24,0.040000000000000036,True
Kura,2026-09-29 22:00:00,25.0,87,4.9,0.0,1,0.24,0.040000000000000036,True
Kura,2026-09-29 23:00:00,24.6,89,5.1,0.0,0,0.24,0.040000000000000036,True
Kura,2026-09-30 00:00:00,24.2,91,5.0,0.0,0,0.241,0.039000000000000035,True
Kura,2026-09-30 01:00:00,23.9,92,4.7,0.0,0,0.241,0.039000000000000035,True
Kura,2026-09-30 02:00:00,23.7,94,4.5,0.0,0,0.241,0.039000000000000035,True
Kura,2026-09-30 03:00:00,23.4,95,4.7,0.0,0,0.242,0.038000000000000034,True
Kura,2026-09-30 04:00:00,23.2,97,4.4,0.0,0,0.242,0.038000000000000034,True
Kura,2026-09-30 05:00:00,23.1,97,4.3,0.0,0,0.242,0.038000000000000034,True
Kura,2026-09-30 06:00:00,23.9,94,5.0,0.0,0,0.243,0.03700000000000003,True
Kura,2026-09-30 07:00:00,25.9,88,4.0,0.0,0,0.243,0.03700000000000003,True
Kura,2026-09-30 08:00:00,28.1,80,4.9,0.0,0,0.242,0.038000000000000034,True
Kura,2026-09-30 09:00:00,29.5,70,8.6,0.1,2,0.242,0.038000000000000034,True
Kura,2026-09-30 10:00:00,30.3,66,8.9,0.1,6,0.241,0.039000000000000035,True
Kura,2026-09-30 11:00:00,31.0,63,7.4,0.1,8,0.24,0.040000000000000036,True
Kura,2026-09-30 12:00:00,31.4,61,7.7,0.1,9,0.239,0.041000000000000036,True
Kura,2026-09-30 13:00:00,31.6,60,8.1,0.1,9,0.238,0.04200000000000004,True
Kura,2026-09-30 14:00:00,31.8,60,7.9,0.0,8,0.237,0.04300000000000004,True
Kura,2026-09-30 15:00:00,31.5,60,8.1,0.0,6,0.237,0.04300000000000004,True
Kura,2026-09-30 16:00:00,30.6,67,6.7,0.0,4,0.237,0.04300000000000004,True
Kura,2026-09-30 17:00:00,28.7,76,4.9,0.0,2,0.238,0.04200000000000004,True
Kura,2026-09-30 18:00:00,27.7,81,4.2,0.0,1,0.238,0.04200000000000004,True
Kura,2026-09-30 19:00:00,27.4,82,2.8,0.0,0,0.239,0.041000000000000036,True
Kura,2026-09-30 20:00:00,26.9,83,2.4,0.0,0,0.239,0.041000000000000036,True
Kura,2026-09-30 21:00:00,26.3,86,3.8,0.0,0,0.239,0.041000000000000036,True
Kura,2026-09-30 22:00:00,25.6,88,4.0,0.0,0,0.24,0.040000000000000036,True
Kura,2026-09-30 23:00:00,25.2,89,2.5,0.0,0,0.24,0.040000000000000036,True
Kura,2026-10-01 00:00:00,24.8,90,5.3,0.0,1,0.24,0.040000000000000036,True
Kura,2026-10-01 01:00:00,24.4,92,5.0,0.0,2,0.241,0.039000000000000035,True
Kura,2026-10-01 02:00:00,24.1,94,3.1,0.1,2,0.241,0.039000000000000035,True
Kura,2026-10-01 03:00:00,23.8,96,1.9,0.0,2,0.241,0.039000000000000035,True
Kura,2026-10-01 04:00:00,23.5,98,2.9,0.0,1,0.242,0.038000000000000034,True
Kura,2026-10-01 05:00:00,23.3,99,3.2,0.0,0,0.242,0.038000000000000034,True
Kura,2026-10-01 06:00:00,24.5,94,3.0,0.0,0,0.242,0.038000000000000034,True
Kura,2026-10-01 07:00:00,26.3,87,2.8,0.0,0,0.242,0.038000000000000034,True
Kura,2026-10-01 08:00:00,27.9,79,2.9,0.0,0,0.242,0.038000000000000034,True
Kura,2026-10-01 09:00:00,29.1,73,3.2,0.0,1,0.242,0.038000000000000034,True
Kura,2026-10-01 10:00:00,30.2,67,3.4,0.0,2,0.241,0.039000000000000035,True
Kura,2026-10-01 11:00:00,31.0,62,3.8,0.0,2,0.24,0.040000000000000036,True
Kura,2026-10-01 12:00:00,31.7,58,4.3,0.0,2,0.239,0.041000000000000036,True
Kura,2026-10-01 13:00:00,32.1,55,4.8,0.0,1,0.238,0.04200000000000004,True
Kura,2026-10-01 14:00:00,32.1,54,4.8,0.0,0,0.237,0.04300000000000004,True
Kura,2026-10-01 15:00:00,31.6,57,3.7,0.0,0,0.237,0.04300000000000004,True
Kura,2026-10-01 16:00:00,30.7,63,2.1,0.0,0,0.238,0.04200000000000004,True
Kura,2026-10-01 17:00:00,29.6,69,1.1,0.0,0,0.238,0.04200000000000004,True
Kura,2026-10-01 18:00:00,28.5,74,1.8,0.0,0,0.238,0.04200000000000004,True
Kura,2026-10-01 19:00:00,27.3,80,3.6,0.0,0,0.239,0.041000000000000036,True
Kura,2026-10-01 20:00:00,26.3,85,4.8,0.0,0,0.239,0.041000000000000036,True
Kura,2026-10-01 21:00:00,25.8,86,5.2,0.0,0,0.24,0.040000000000000036,True
Kura,2026-10-01 22:00:00,25.6,84,5.5,0.0,0,0.24,0.040000000000000036,True
Kura,2026-10-01 23:00:00,25.2,84,5.6,0.0,0,0.241,0.039000000000000035,True
Kura,2026-10-02 00:00:00,24.7,87,5.1,0.0,1,0.241,0.039000000000000035,True
Kura,2026-10-02 01:00:00,24.1,91,4.4,0.0,2,0.242,0.038000000000000034,True
Kura,2026-10-02 02:00:00,23.6,94,4.0,0.0,2,0.242,0.038000000000000034,True
Kura,2026-10-02 03:00:00,23.1,97,4.1,0.0,2,0.242,0.038000000000000034,True
Kura,2026-10-02 04:00:00,22.6,99,4.5,0.0,1,0.243,0.03700000000000003,True
Kura,2026-10-02 05:00:00,22.8,98,4.8,0.0,0,0.243,0.03700000000000003,True
Kura,2026-10-02 06:00:00,24.0,93,4.2,0.0,0,0.243,0.03700000000000003,True
Kura,2026-10-02 07:00:00,25.8,86,3.5,0.0,0,0.243,0.03700000000000003,True
Kura,2026-10-02 08:00:00,27.5,79,3.2,0.0,0,0.243,0.03700000000000003,True
Kura,2026-10-02 09:00:00,28.9,72,3.6,0.0,1,0.242,0.038000000000000034,True
Kura,2026-10-02 10:00:00,30.1,64,4.7,0.0,1,0.241,0.039000000000000035,True
Kura,2026-10-02 11:00:00,31.1,59,5.6,0.0,2,0.24,0.040000000000000036,True
Kura,2026-10-02 12:00:00,31.7,54,6.6,0.0,2,0.244,0.03600000000000003,True
Kura,2026-10-02 13:00:00,32.0,51,7.7,0.0,2,0.243,0.03700000000000003,True
Kura,2026-10-02 14:00:00,31.9,51,8.1,0.0,2,0.242,0.038000000000000034,True
Kura,2026-10-02 15:00:00,30.9,54,6.9,0.0,2,0.242,0.038000000000000034,True
Kura,2026-10-02 16:00:00,29.4,60,6.2,0.0,2,0.243,0.03700000000000003,True
Kura,2026-10-02 17:00:00,28.2,65,6.4,0.0,2,0.243,0.03700000000000003,True
Kura,2026-10-02 18:00:00,27.5,68,6.1,0.0,1,0.243,0.03700000000000003,True
Kura,2026-10-02 19:00:00,27.1,69,8.3,0.0,1,0.244,0.03600000000000003,True
Kura,2026-10-02 20:00:00,26.5,71,10.1,0.0,0,0.244,0.03600000000000003,True
Kura,2026-10-02 21:00:00,25.5,76,7.4,0.0,0,0.245,0.03500000000000003,True
Kura,2026-10-02 22:00:00,24.4,83,4.0,0.0,0,0.245,0.03500000000000003,True
Kura,2026-10-02 23:00:00,23.5,88,4.6,0.0,0,0.246,0.03400000000000003,True
Kura,2026-10-03 00:00:00,23.1,89,4.9,0.0,0,0.246,0.03400000000000003,True
Kura,2026-10-03 01:00:00,22.9,88,4.8,0.0,0,0.247,0.03300000000000003,True
Kura,2026-10-03 02:00:00,22.8,87,4.8,0.0,0,0.247,0.03300000000000003,True
Kura,2026-10-03 03:00:00,22.3,89,4.9,0.0,0,0.247,0.03300000000000003,True
Kura,2026-10-03 04:00:00,21.8,91,4.6,0.0,0,0.248,0.03200000000000003,True
Kura,2026-10-03 05:00:00,22.1,90,4.6,0.0,0,0.248,0.03200000000000003,True
Kura,2026-10-03 06:00:00,23.7,85,4.5,0.0,0,0.248,0.03200000000000003,True
Kura,2026-10-03 07:00:00,26.1,79,4.7,0.0,0,0.248,0.03200000000000003,True
Kura,2026-10-03 08:00:00,28.2,72,5.4,0.0,0,0.248,0.03200000000000003,True
Kura,2026-10-03 09:00:00,29.4,66,7.0,0.0,0,0.248,0.03200000000000003,True
Kura,2026-10-03 10:00:00,30.3,61,9.0,0.0,0,0.248,0.03200000000000003,True
Kura,2026-10-03 11:00:00,30.9,57,10.5,0.0,0,0.247,0.03300000000000003,True
Kura,2026-10-03 12:00:00,31.4,58,9.4,0.0,1,0.246,0.03400000000000003,True
Kura,2026-10-03 13:00:00,31.4,58,8.1,0.0,1,0.245,0.03500000000000003,True
Kura,2026-10-03 14:00:00,31.2,60,6.1,0.0,2,0.244,0.03600000000000003,True
Kura,2026-10-03 15:00:00,30.8,62,4.2,0.0,3,0.244,0.03600000000000003,True
Kura,2026-10-03 16:00:00,30.2,65,2.4,0.0,4,0.244,0.03600000000000003,True
Kura,2026-10-03 17:00:00,29.6,67,1.4,0.0,4,0.244,0.03600000000000003,True
Kura,2026-10-03 18:00:00,28.9,70,1.3,0.0,4,0.245,0.03500000000000003,True
Kura,2026-10-03 19:00:00,27.8,73,1.8,0.0,3,0.245,0.03500000000000003,True
Kura,2026-10-03 20:00:00,26.7,77,2.7,0.0,2,0.246,0.03400000000000003,True
Kura,2026-10-03 21:00:00,25.6,80,3.6,0.0,1,0.246,0.03400000000000003,True
Kura,2026-10-03 22:00:00,24.6,83,4.4,0.0,1,0.247,0.03300000000000003,True
Kura,2026-10-03 23:00:00,23.8,85,5.1,0.0,0,0.247,0.03300000000000003,True
Babudih,2026-09-27 00:00:00,25.3,96,7.4,0.1,37,0.259,0.02100000000000002,False
Babudih,2026-09-27 01:00:00,24.5,94,7.5,1.7,56,0.26,0.020000000000000018,False
Babudih,2026-09-27 02:00:00,23.8,94,7.5,2.6,69,0.258,0.02200000000000002,False
Babudih,2026-09-27 03:00:00,23.9,95,3.8,1.3,68,0.256,0.02400000000000002,False
Babudih,2026-09-27 04:00:00,24.0,96,4.0,0.1,60,0.255,0.025000000000000022,False
Babudih,2026-09-27 05:00:00,24.8,96,6.0,0.0,55,0.256,0.02400000000000002,False
Babudih,2026-09-27 06:00:00,25.3,95,5.9,0.1,57,0.255,0.025000000000000022,False
Babudih,2026-09-27 07:00:00,26.3,88,4.9,0.1,61,0.254,0.026000000000000023,False
Babudih,2026-09-27 08:00:00,27.2,82,6.7,0.0,59,0.254,0.026000000000000023,False
Babudih,2026-09-27 09:00:00,27.8,77,7.9,0.0,45,0.252,0.028000000000000025,False
Babudih,2026-09-27 10:00:00,28.6,72,6.9,0.0,25,0.251,0.029000000000000026,True
Babudih,2026-09-27 11:00:00,29.8,67,7.9,0.0,10,0.248,0.03200000000000003,True
Babudih,2026-09-27 12:00:00,30.3,62,8.7,0.0,3,0.246,0.03400000000000003,True
Babudih,2026-09-27 13:00:00,30.5,60,9.1,0.1,1,0.245,0.03500000000000003,True
Babudih,2026-09-27 14:00:00,30.4,60,10.3,0.1,0,0.244,0.03600000000000003,True
Babudih,2026-09-27 15:00:00,29.8,63,10.8,0.1,0,0.243,0.03700000000000003,True
Babudih,2026-09-27 16:00:00,29.2,68,8.0,0.0,0,0.243,0.03700000000000003,True
Babudih,2026-09-27 17:00:00,27.6,79,4.4,0.0,0,0.243,0.03700000000000003,True
Babudih,2026-09-27 18:00:00,26.9,81,3.1,0.0,0,0.243,0.03700000000000003,True
Babudih,2026-09-27 19:00:00,26.5,82,1.6,0.0,0,0.243,0.03700000000000003,True
Babudih,2026-09-27 20:00:00,25.9,84,1.0,0.0,0,0.244,0.03600000000000003,True
Babudih,2026-09-27 21:00:00,25.3,87,1.5,0.0,0,0.244,0.03600000000000003,True
Babudih,2026-09-27 22:00:00,24.5,90,3.2,0.0,0,0.244,0.03600000000000003,True
Babudih,2026-09-27 23:00:00,23.9,92,3.6,0.0,0,0.245,0.03500000000000003,True
Babudih,2026-09-28 00:00:00,23.7,92,5.6,0.0,0,0.245,0.03500000000000003,True
Babudih,2026-09-28 01:00:00,23.4,92,6.0,0.0,0,0.245,0.03500000000000003,True
Babudih,2026-09-28 02:00:00,23.0,93,6.9,0.0,0,0.245,0.03500000000000003,True
Babudih,2026-09-28 03:00:00,22.7,94,6.9,0.0,0,0.245,0.03500000000000003,True
Babudih,2026-09-28 04:00:00,22.5,96,7.1,0.0,0,0.246,0.03400000000000003,True
Babudih,2026-09-28 05:00:00,22.4,96,6.2,0.0,0,0.246,0.03400000000000003,True
Babudih,2026-09-28 06:00:00,23.3,92,7.1,0.0,0,0.246,0.03400000000000003,True
Babudih,2026-09-28 07:00:00,25.0,87,6.5,0.0,0,0.246,0.03400000000000003,True
Babudih,2026-09-28 08:00:00,26.8,81,7.0,0.0,0,0.245,0.03500000000000003,True
Babudih,2026-09-28 09:00:00,28.3,74,10.1,0.0,4,0.244,0.03600000000000003,True
Babudih,2026-09-28 10:00:00,29.4,69,9.6,0.1,10,0.243,0.03700000000000003,True
Babudih,2026-09-28 11:00:00,30.4,64,9.8,0.0,14,0.242,0.038000000000000034,True
Babudih,2026-09-28 12:00:00,31.0,60,10.2,0.0,15,0.241,0.039000000000000035,True
Babudih,2026-09-28 13:00:00,31.2,57,10.2,0.0,14,0.24,0.040000000000000036,True
Babudih,2026-09-28 14:00:00,31.1,57,10.1,0.0,12,0.239,0.041000000000000036,True
Babudih,2026-09-28 15:00:00,30.8,57,9.6,0.0,10,0.238,0.04200000000000004,True
Babudih,2026-09-28 16:00:00,29.9,66,6.8,0.0,8,0.238,0.04200000000000004,True
Babudih,2026-09-28 17:00:00,27.9,74,5.1,0.0,6,0.239,0.041000000000000036,True
Babudih,2026-09-28 18:00:00,27.1,76,4.1,0.0,4,0.239,0.041000000000000036,True
Babudih,2026-09-28 19:00:00,26.8,76,4.0,0.0,2,0.24,0.040000000000000036,True
Babudih,2026-09-28 20:00:00,25.8,80,5.1,0.0,0,0.24,0.040000000000000036,True
Babudih,2026-09-28 21:00:00,24.9,84,5.0,0.0,0,0.24,0.040000000000000036,True
Babudih,2026-09-28 22:00:00,24.2,86,4.6,0.0,0,0.241,0.039000000000000035,True
Babudih,2026-09-28 23:00:00,23.8,87,4.9,0.0,0,0.241,0.039000000000000035,True
Babudih,2026-09-29 00:00:00,23.4,89,5.5,0.0,0,0.242,0.038000000000000034,True
Babudih,2026-09-29 01:00:00,23.1,90,6.8,0.0,0,0.242,0.038000000000000034,True
Babudih,2026-09-29 02:00:00,22.9,93,6.7,0.0,0,0.242,0.038000000000000034,True
Babudih,2026-09-29 03:00:00,22.5,96,4.8,0.0,0,0.243,0.03700000000000003,True
Babudih,2026-09-29 04:00:00,22.3,97,4.7,0.0,0,0.243,0.03700000000000003,True
Babudih,2026-09-29 05:00:00,22.2,97,4.8,0.0,0,0.243,0.03700000000000003,True
Babudih,2026-09-29 06:00:00,23.2,94,4.9,0.0,0,0.243,0.03700000000000003,True
Babudih,2026-09-29 07:00:00,25.3,87,4.3,0.0,0,0.243,0.03700000000000003,True
Babudih,2026-09-29 08:00:00,27.4,79,4.5,0.0,0,0.243,0.03700000000000003,True
Babudih,2026-09-29 09:00:00,29.2,71,5.4,0.0,0,0.242,0.038000000000000034,True
Babudih,2026-09-29 10:00:00,30.2,65,9.8,0.1,0,0.241,0.039000000000000035,True
Babudih,2026-09-29 11:00:00,30.8,62,10.1,0.1,0,0.24,0.040000000000000036,True
Babudih,2026-09-29 12:00:00,31.2,61,9.5,0.1,1,0.239,0.041000000000000036,True
Babudih,2026-09-29 13:00:00,31.5,58,9.5,0.1,3,0.238,0.04200000000000004,True
Babudih,2026-09-29 14:00:00,31.5,58,9.6,0.0,4,0.237,0.04300000000000004,True
Babudih,2026-09-29 15:00:00,31.3,58,8.1,0.0,3,0.237,0.04300000000000004,True
Babudih,2026-09-29 16:00:00,30.6,65,5.6,0.0,1,0.237,0.04300000000000004,True
Babudih,2026-09-29 17:00:00,28.7,73,5.0,0.0,0,0.238,0.04200000000000004,True
Babudih,2026-09-29 18:00:00,27.7,74,6.0,0.0,0,0.238,0.04200000000000004,True
Babudih,2026-09-29 19:00:00,27.2,75,7.8,0.0,1,0.239,0.041000000000000036,True
Babudih,2026-09-29 20:00:00,26.4,78,6.4,0.0,2,0.239,0.041000000000000036,True
Babudih,2026-09-29 21:00:00,25.6,84,4.8,0.0,2,0.24,0.040000000000000036,True
Babudih,2026-09-29 22:00:00,25.1,86,4.0,0.0,1,0.24,0.040000000000000036,True
Babudih,2026-09-29 23:00:00,24.7,88,4.5,0.0,0,0.24,0.040000000000000036,True
Babudih,2026-09-30 00:00:00,24.3,90,5.0,0.0,0,0.241,0.039000000000000035,True
Babudih,2026-09-30 01:00:00,24.0,91,5.3,0.0,0,0.241,0.039000000000000035,True
Babudih,2026-09-30 02:00:00,23.8,93,5.8,0.0,0,0.241,0.039000000000000035,True
Babudih,2026-09-30 03:00:00,23.4,95,6.0,0.0,0,0.242,0.038000000000000034,True
Babudih,2026-09-30 04:00:00,23.1,97,5.4,0.0,0,0.242,0.038000000000000034,True
Babudih,2026-09-30 05:00:00,23.0,98,5.5,0.0,0,0.242,0.038000000000000034,True
Babudih,2026-09-30 06:00:00,23.8,95,5.6,0.0,0,0.243,0.03700000000000003,True
Babudih,2026-09-30 07:00:00,25.7,89,4.9,0.0,0,0.243,0.03700000000000003,True
Babudih,2026-09-30 08:00:00,27.9,82,5.1,0.0,0,0.242,0.038000000000000034,True
Babudih,2026-09-30 09:00:00,29.5,71,9.1,0.1,2,0.242,0.038000000000000034,True
Babudih,2026-09-30 10:00:00,30.3,67,9.5,0.0,6,0.241,0.039000000000000035,True
Babudih,2026-09-30 11:00:00,31.0,63,8.3,0.1,8,0.24,0.040000000000000036,True
Babudih,2026-09-30 12:00:00,31.4,62,8.9,0.1,9,0.239,0.041000000000000036,True
Babudih,2026-09-30 13:00:00,31.7,60,9.1,0.0,9,0.238,0.04200000000000004,True
Babudih,2026-09-30 14:00:00,31.7,60,8.8,0.0,8,0.237,0.04300000000000004,True
Babudih,2026-09-30 15:00:00,31.5,60,8.7,0.0,6,0.237,0.04300000000000004,True
Babudih,2026-09-30 16:00:00,30.7,67,6.3,0.0,4,0.237,0.04300000000000004,True
Babudih,2026-09-30 17:00:00,28.8,76,4.7,0.0,2,0.238,0.04200000000000004,True
Babudih,2026-09-30 18:00:00,27.9,78,4.7,0.0,1,0.238,0.04200000000000004,True
Babudih,2026-09-30 19:00:00,27.6,80,2.9,0.0,0,0.239,0.041000000000000036,True
Babudih,2026-09-30 20:00:00,27.1,81,2.2,0.0,0,0.239,0.041000000000000036,True
Babudih,2026-09-30 21:00:00,26.4,85,3.6,0.0,0,0.239,0.041000000000000036,True
Babudih,2026-09-30 22:00:00,25.8,88,3.3,0.0,0,0.24,0.040000000000000036,True
Babudih,2026-09-30 23:00:00,25.2,90,2.0,0.0,0,0.24,0.040000000000000036,True
Babudih,2026-10-01 00:00:00,24.9,91,4.0,0.0,1,0.24,0.040000000000000036,True
Babudih,2026-10-01 01:00:00,24.4,92,3.6,0.0,2,0.241,0.039000000000000035,True
Babudih,2026-10-01 02:00:00,24.2,93,2.5,0.1,2,0.241,0.039000000000000035,True
Babudih,2026-10-01 03:00:00,23.9,95,2.4,0.0,2,0.241,0.039000000000000035,True
Babudih,2026-10-01 04:00:00,23.5,98,4.7,0.0,1,0.242,0.038000000000000034,True
Babudih,2026-10-01 05:00:00,23.3,99,4.5,0.0,0,0.242,0.038000000000000034,True
Babudih,2026-10-01 06:00:00,24.4,95,4.4,0.0,0,0.242,0.038000000000000034,True
Babudih,2026-10-01 07:00:00,26.2,88,3.9,0.0,0,0.242,0.038000000000000034,True
Babudih,2026-10-01 08:00:00,27.8,81,3.7,0.0,0,0.242,0.038000000000000034,True
Babudih,2026-10-01 09:00:00,29.1,74,4.0,0.0,1,0.242,0.038000000000000034,True
Babudih,2026-10-01 10:00:00,30.2,67,4.5,0.0,2,0.241,0.039000000000000035,True
Babudih,2026-10-01 11:00:00,31.1,62,4.9,0.0,2,0.24,0.040000000000000036,True
Babudih,2026-10-01 12:00:00,31.8,58,5.1,0.0,2,0.239,0.041000000000000036,True
Babudih,2026-10-01 13:00:00,32.2,55,5.0,0.0,1,0.238,0.04200000000000004,True
Babudih,2026-10-01 14:00:00,32.2,54,4.8,0.0,0,0.237,0.04300000000000004,True
Babudih,2026-10-01 15:00:00,31.7,57,3.6,0.0,0,0.237,0.04300000000000004,True
Babudih,2026-10-01 16:00:00,30.8,63,2.2,0.0,0,0.238,0.04200000000000004,True
Babudih,2026-10-01 17:00:00,29.8,69,1.0,0.0,0,0.238,0.04200000000000004,True
Babudih,2026-10-01 18:00:00,28.7,74,0.9,0.0,0,0.238,0.04200000000000004,True
Babudih,2026-10-01 19:00:00,27.5,80,3.1,0.0,0,0.239,0.041000000000000036,True
Babudih,2026-10-01 20:00:00,26.5,84,4.5,0.0,0,0.239,0.041000000000000036,True
Babudih,2026-10-01 21:00:00,26.0,85,4.7,0.0,0,0.24,0.040000000000000036,True
Babudih,2026-10-01 22:00:00,25.7,84,5.3,0.0,0,0.24,0.040000000000000036,True
Babudih,2026-10-01 23:00:00,25.4,85,5.9,0.0,0,0.241,0.039000000000000035,True
Babudih,2026-10-02 00:00:00,24.9,88,5.8,0.0,1,0.241,0.039000000000000035,True
Babudih,2026-10-02 01:00:00,24.4,91,5.3,0.0,2,0.242,0.038000000000000034,True
Babudih,2026-10-02 02:00:00,23.9,94,5.0,0.0,2,0.242,0.038000000000000034,True
Babudih,2026-10-02 03:00:00,23.3,97,5.2,0.0,2,0.242,0.038000000000000034,True
Babudih,2026-10-02 04:00:00,22.7,100,5.6,0.0,1,0.243,0.03700000000000003,True
Babudih,2026-10-02 05:00:00,22.7,100,5.7,0.0,0,0.243,0.03700000000000003,True
Babudih,2026-10-02 06:00:00,23.9,95,5.3,0.0,0,0.243,0.03700000000000003,True
Babudih,2026-10-02 07:00:00,25.7,88,4.5,0.0,0,0.243,0.03700000000000003,True
Babudih,2026-10-02 08:00:00,27.4,81,4.2,0.0,0,0.243,0.03700000000000003,True
Babudih,2026-10-02 09:00:00,28.8,73,4.5,0.0,1,0.242,0.038000000000000034,True
Babudih,2026-10-02 10:00:00,30.2,65,5.2,0.0,1,0.241,0.039000000000000035,True
Babudih,2026-10-02 11:00:00,31.2,59,6.0,0.0,2,0.24,0.040000000000000036,True
Babudih,2026-10-02 12:00:00,31.8,55,7.0,0.0,2,0.244,0.03600000000000003,True
Babudih,2026-10-02 13:00:00,32.0,52,8.2,0.0,2,0.243,0.03700000000000003,True
Babudih,2026-10-02 14:00:00,31.8,52,8.4,0.0,2,0.242,0.038000000000000034,True
Babudih,2026-10-02 15:00:00,31.0,56,6.3,0.0,2,0.242,0.038000000000000034,True
Babudih,2026-10-02 16:00:00,29.8,64,4.1,0.0,2,0.243,0.03700000000000003,True
Babudih,2026-10-02 17:00:00,28.6,70,4.0,0.0,2,0.243,0.03700000000000003,True
Babudih,2026-10-02 18:00:00,27.8,71,4.5,0.0,1,0.243,0.03700000000000003,True
Babudih,2026-10-02 19:00:00,27.1,70,7.7,0.0,1,0.244,0.03600000000000003,True
Babudih,2026-10-02 20:00:00,26.4,71,9.8,0.0,0,0.244,0.03600000000000003,True
Babudih,2026-10-02 21:00:00,25.5,76,7.9,0.0,0,0.245,0.03500000000000003,True
Babudih,2026-10-02 22:00:00,24.6,83,5.3,0.0,0,0.245,0.03500000000000003,True
Babudih,2026-10-02 23:00:00,23.9,88,5.3,0.0,0,0.246,0.03400000000000003,True
Babudih,2026-10-03 00:00:00,23.4,90,5.4,0.0,0,0.246,0.03400000000000003,True
Babudih,2026-10-03 01:00:00,23.0,90,4.6,0.0,0,0.247,0.03300000000000003,True
Babudih,2026-10-03 02:00:00,22.7,89,4.4,0.0,0,0.247,0.03300000000000003,True
Babudih,2026-10-03 03:00:00,22.2,91,4.4,0.0,0,0.247,0.03300000000000003,True
Babudih,2026-10-03 04:00:00,21.8,93,4.3,0.0,0,0.248,0.03200000000000003,True
Babudih,2026-10-03 05:00:00,22.1,92,4.5,0.0,0,0.248,0.03200000000000003,True
Babudih,2026-10-03 06:00:00,23.6,87,4.6,0.0,0,0.248,0.03200000000000003,True
Babudih,2026-10-03 07:00:00,25.9,80,4.7,0.0,0,0.248,0.03200000000000003,True
Babudih,2026-10-03 08:00:00,27.9,74,5.4,0.0,0,0.248,0.03200000000000003,True
Babudih,2026-10-03 09:00:00,29.3,67,7.2,0.0,0,0.248,0.03200000000000003,True
Babudih,2026-10-03 10:00:00,30.3,61,9.5,0.0,0,0.248,0.03200000000000003,True
Babudih,2026-10-03 11:00:00,31.0,57,11.1,0.0,0,0.247,0.03300000000000003,True
Babudih,2026-10-03 12:00:00,31.5,57,9.7,0.0,1,0.246,0.03400000000000003,True
Babudih,2026-10-03 13:00:00,31.5,58,8.3,0.0,1,0.245,0.03500000000000003,True
Babudih,2026-10-03 14:00:00,31.2,60,6.5,0.0,2,0.244,0.03600000000000003,True
Babudih,2026-10-03 15:00:00,30.8,62,4.7,0.0,3,0.244,0.03600000000000003,True
Babudih,2026-10-03 16:00:00,30.2,65,3.1,0.0,4,0.244,0.03600000000000003,True
Babudih,2026-10-03 17:00:00,29.5,68,2.1,0.0,4,0.244,0.03600000000000003,True
Babudih,2026-10-03 18:00:00,28.7,71,1.8,0.0,4,0.245,0.03500000000000003,True
Babudih,2026-10-03 19:00:00,27.7,75,2.1,0.0,3,0.245,0.03500000000000003,True
Babudih,2026-10-03 20:00:00,26.6,80,2.8,0.0,2,0.246,0.03400000000000003,True
Babudih,2026-10-03 21:00:00,25.5,85,3.5,0.0,1,0.246,0.03400000000000003,True
Babudih,2026-10-03 22:00:00,24.5,88,4.1,0.0,1,0.247,0.03300000000000003,True
Babudih,2026-10-03 23:00:00,23.7,91,4.6,0.0,0,0.247,0.03300000000000003,True
